timestamp,symbol,price
2024-01-02T16:00:00,USTECH001,26.14
2024-01-02T16:00:00,USTECH002,27.56
2024-01-02T16:00:00,USTECH003,28.98
2024-01-02T16:00:00,USTECH004,30.40
2024-01-02T16:00:00,USTECH005,31.82
2024-01-02T16:00:00,USTECH006,33.24
2024-01-02T16:00:00,USTECH007,34.66
2024-01-02T16:00:00,USTECH008,36.08
2024-01-02T16:00:00,USTECH009,36.87
2024-01-02T16:00:00,USTECH010,38.29
2024-01-02T16:00:00,USTECH011,39.71
2024-01-02T16:00:00,USTECH012,41.13
2024-01-02T16:00:00,USTECH013,42.55
2024-01-02T16:00:00,USTECH014,43.97
2024-01-02T16:00:00,USTECH015,45.39
2024-01-02T16:00:00,USTECH016,46.81
2024-01-02T16:00:00,USTECH017,48.23
2024-01-02T16:00:00,USTECH018,49.02
2024-01-02T16:00:00,USTECH019,50.44
2024-01-02T16:00:00,USTECH020,51.86
2024-01-02T16:00:00,USTECH021,53.28
2024-01-02T16:00:00,USTECH022,54.70
2024-01-02T16:00:00,USTECH023,56.12
2024-01-02T16:00:00,USTECH024,57.54
2024-01-02T16:00:00,USTECH025,58.96
2024-01-02T16:00:00,USTECH026,60.38
2024-01-02T16:00:00,USTECH027,61.17
2024-01-02T16:00:00,USTECH028,62.59
2024-01-02T16:00:00,USTECH029,64.01
2024-01-02T16:00:00,USTECH030,65.43
2024-01-02T16:00:00,USTECH031,66.85
2024-01-02T16:00:00,USTECH032,68.27
2024-01-02T16:00:00,USTECH033,69.69
2024-01-02T16:00:00,USTECH034,71.11
2024-01-02T16:00:00,USTECH035,72.53
2024-01-02T16:00:00,USTECH036,73.32
2024-01-02T16:00:00,USTECH037,74.74
2024-01-02T16:00:00,USTECH038,76.16
2024-01-02T16:00:00,USTECH039,77.58
2024-01-02T16:00:00,USTECH040,79.00
2024-01-02T16:00:00,USTECH041,80.42
2024-01-02T16:00:00,USTECH042,81.84
2024-01-02T16:00:00,USTECH043,83.26
2024-01-02T16:00:00,USTECH044,84.68
2024-01-02T16:00:00,USTECH045,85.47
2024-01-02T16:00:00,USTECH046,86.89
2024-01-02T16:00:00,USTECH047,88.31
2024-01-02T16:00:00,USTECH048,89.73
2024-01-02T16:00:00,USTECH049,91.15
2024-01-02T16:00:00,USTECH050,92.57
2024-01-02T16:00:00,USTECH051,93.99
2024-01-02T16:00:00,USTECH052,95.41
2024-01-02T16:00:00,USTECH053,96.83
2024-01-02T16:00:00,USTECH054,97.62
2024-01-02T16:00:00,USTECH055,99.04
2024-01-02T16:00:00,USTECH056,100.46
2024-01-02T16:00:00,USTECH057,101.88
2024-01-02T16:00:00,USTECH058,103.30
2024-01-02T16:00:00,USTECH059,104.72
2024-01-02T16:00:00,USTECH060,106.14
2024-01-02T16:00:00,USTECH061,107.56
2024-01-02T16:00:00,USTECH062,108.98
2024-01-02T16:00:00,USTECH063,109.77
2024-01-02T16:00:00,USTECH064,111.19
2024-01-02T16:00:00,USTECH065,112.61
2024-01-02T16:00:00,USTECH066,114.03
2024-01-02T16:00:00,USTECH067,115.45
2024-01-02T16:00:00,USTECH068,116.87
2024-01-02T16:00:00,USTECH069,118.29
2024-01-02T16:00:00,USTECH070,119.71
2024-01-02T16:00:00,USTECH071,121.13
2024-01-02T16:00:00,USTECH072,121.92
2024-01-02T16:00:00,USTECH073,123.34
2024-01-02T16:00:00,USTECH074,124.76
2024-01-02T16:00:00,USTECH075,126.18
2024-01-02T16:00:00,USTECH076,127.60
2024-01-02T16:00:00,USTECH077,129.02
2024-01-02T16:00:00,USTECH078,130.44
2024-01-02T16:00:00,USTECH079,131.86
2024-01-02T16:00:00,USTECH080,133.28
2024-01-02T16:00:00,USTECH081,134.07
2024-01-02T16:00:00,USTECH082,135.49
2024-01-02T16:00:00,USTECH083,136.91
2024-01-02T16:00:00,USTECH084,138.33
2024-01-02T16:00:00,USTECH085,139.75
2024-01-02T16:00:00,USTECH086,141.17
2024-01-02T16:00:00,USTECH087,142.59
2024-01-02T16:00:00,USTECH088,144.01
2024-01-02T16:00:00,USTECH089,145.43
2024-01-02T16:00:00,USTECH090,146.22
2024-01-02T16:00:00,USTECH091,147.64
2024-01-02T16:00:00,USTECH092,149.06
2024-01-02T16:00:00,USTECH093,150.48
2024-01-02T16:00:00,USTECH094,151.90
2024-01-02T16:00:00,USTECH095,153.32
2024-01-02T16:00:00,USTECH096,154.74
2024-01-02T16:00:00,USTECH097,156.16
2024-01-02T16:00:00,USTECH098,157.58
2024-01-02T16:00:00,USTECH099,158.37
2024-01-02T16:00:00,USTECH100,159.79
2024-01-03T16:00:00,USTECH001,26.25
2024-01-03T16:00:00,USTECH002,27.68
2024-01-03T16:00:00,USTECH003,29.11
2024-01-03T16:00:00,USTECH004,30.54
2024-01-03T16:00:00,USTECH005,31.97
2024-01-03T16:00:00,USTECH006,33.40
2024-01-03T16:00:00,USTECH007,34.76
2024-01-03T16:00:00,USTECH008,35.56
2024-01-03T16:00:00,USTECH009,36.99
2024-01-03T16:00:00,USTECH010,38.42
2024-01-03T16:00:00,USTECH011,39.85
2024-01-03T16:00:00,USTECH012,41.28
2024-01-03T16:00:00,USTECH013,42.71
2024-01-03T16:00:00,USTECH014,44.07
2024-01-03T16:00:00,USTECH015,45.50
2024-01-03T16:00:00,USTECH016,46.93
2024-01-03T16:00:00,USTECH017,47.73
2024-01-03T16:00:00,USTECH018,49.16
2024-01-03T16:00:00,USTECH019,50.59
2024-01-03T16:00:00,USTECH020,52.02
2024-01-03T16:00:00,USTECH021,53.38
2024-01-03T16:00:00,USTECH022,54.81
2024-01-03T16:00:00,USTECH023,56.24
2024-01-03T16:00:00,USTECH024,57.67
2024-01-03T16:00:00,USTECH025,59.10
2024-01-03T16:00:00,USTECH026,59.90
2024-01-03T16:00:00,USTECH027,61.33
2024-01-03T16:00:00,USTECH028,62.69
2024-01-03T16:00:00,USTECH029,64.12
2024-01-03T16:00:00,USTECH030,65.55
2024-01-03T16:00:00,USTECH031,66.98
2024-01-03T16:00:00,USTECH032,68.41
2024-01-03T16:00:00,USTECH033,69.84
2024-01-03T16:00:00,USTECH034,71.27
2024-01-03T16:00:00,USTECH035,72.00
2024-01-03T16:00:00,USTECH036,73.43
2024-01-03T16:00:00,USTECH037,74.86
2024-01-03T16:00:00,USTECH038,76.29
2024-01-03T16:00:00,USTECH039,77.72
2024-01-03T16:00:00,USTECH040,79.15
2024-01-03T16:00:00,USTECH041,80.58
2024-01-03T16:00:00,USTECH042,81.94
2024-01-03T16:00:00,USTECH043,83.37
2024-01-03T16:00:00,USTECH044,84.17
2024-01-03T16:00:00,USTECH045,85.60
2024-01-03T16:00:00,USTECH046,87.03
2024-01-03T16:00:00,USTECH047,88.46
2024-01-03T16:00:00,USTECH048,89.89
2024-01-03T16:00:00,USTECH049,91.25
2024-01-03T16:00:00,USTECH050,92.68
2024-01-03T16:00:00,USTECH051,94.11
2024-01-03T16:00:00,USTECH052,95.54
2024-01-03T16:00:00,USTECH053,96.34
2024-01-03T16:00:00,USTECH054,97.77
2024-01-03T16:00:00,USTECH055,99.20
2024-01-03T16:00:00,USTECH056,100.56
2024-01-03T16:00:00,USTECH057,101.99
2024-01-03T16:00:00,USTECH058,103.42
2024-01-03T16:00:00,USTECH059,104.85
2024-01-03T16:00:00,USTECH060,106.28
2024-01-03T16:00:00,USTECH061,107.71
2024-01-03T16:00:00,USTECH062,108.51
2024-01-03T16:00:00,USTECH063,109.87
2024-01-03T16:00:00,USTECH064,111.30
2024-01-03T16:00:00,USTECH065,112.73
2024-01-03T16:00:00,USTECH066,114.16
2024-01-03T16:00:00,USTECH067,115.59
2024-01-03T16:00:00,USTECH068,117.02
2024-01-03T16:00:00,USTECH069,118.45
2024-01-03T16:00:00,USTECH070,119.81
2024-01-03T16:00:00,USTECH071,120.61
2024-01-03T16:00:00,USTECH072,122.04
2024-01-03T16:00:00,USTECH073,123.47
2024-01-03T16:00:00,USTECH074,124.90
2024-01-03T16:00:00,USTECH075,126.33
2024-01-03T16:00:00,USTECH076,127.76
2024-01-03T16:00:00,USTECH077,129.12
2024-01-03T16:00:00,USTECH078,130.55
2024-01-03T16:00:00,USTECH079,131.98
2024-01-03T16:00:00,USTECH080,132.78
2024-01-03T16:00:00,USTECH081,134.21
2024-01-03T16:00:00,USTECH082,135.64
2024-01-03T16:00:00,USTECH083,137.07
2024-01-03T16:00:00,USTECH084,138.43
2024-01-03T16:00:00,USTECH085,139.86
2024-01-03T16:00:00,USTECH086,141.29
2024-01-03T16:00:00,USTECH087,142.72
2024-01-03T16:00:00,USTECH088,144.15
2024-01-03T16:00:00,USTECH089,144.95
2024-01-03T16:00:00,USTECH090,146.38
2024-01-03T16:00:00,USTECH091,147.74
2024-01-03T16:00:00,USTECH092,149.17
2024-01-03T16:00:00,USTECH093,150.60
2024-01-03T16:00:00,USTECH094,152.03
2024-01-03T16:00:00,USTECH095,153.46
2024-01-03T16:00:00,USTECH096,154.89
2024-01-03T16:00:00,USTECH097,156.32
2024-01-03T16:00:00,USTECH098,157.05
2024-01-03T16:00:00,USTECH099,158.48
2024-01-03T16:00:00,USTECH100,159.91
2024-01-04T16:00:00,USTECH001,26.36
2024-01-04T16:00:00,USTECH002,27.80
2024-01-04T16:00:00,USTECH003,29.24
2024-01-04T16:00:00,USTECH004,30.68
2024-01-04T16:00:00,USTECH005,32.12
2024-01-04T16:00:00,USTECH006,33.56
2024-01-04T16:00:00,USTECH007,34.23
2024-01-04T16:00:00,USTECH008,35.67
2024-01-04T16:00:00,USTECH009,37.11
2024-01-04T16:00:00,USTECH010,38.55
2024-01-04T16:00:00,USTECH011,39.99
2024-01-04T16:00:00,USTECH012,41.43
2024-01-04T16:00:00,USTECH013,42.87
2024-01-04T16:00:00,USTECH014,44.17
2024-01-04T16:00:00,USTECH015,45.61
2024-01-04T16:00:00,USTECH016,46.42
2024-01-04T16:00:00,USTECH017,47.86
2024-01-04T16:00:00,USTECH018,49.30
2024-01-04T16:00:00,USTECH019,50.74
2024-01-04T16:00:00,USTECH020,52.18
2024-01-04T16:00:00,USTECH021,53.48
2024-01-04T16:00:00,USTECH022,54.92
2024-01-04T16:00:00,USTECH023,56.36
2024-01-04T16:00:00,USTECH024,57.80
2024-01-04T16:00:00,USTECH025,58.61
2024-01-04T16:00:00,USTECH026,60.05
2024-01-04T16:00:00,USTECH027,61.49
2024-01-04T16:00:00,USTECH028,62.79
2024-01-04T16:00:00,USTECH029,64.23
2024-01-04T16:00:00,USTECH030,65.67
2024-01-04T16:00:00,USTECH031,67.11
2024-01-04T16:00:00,USTECH032,68.55
2024-01-04T16:00:00,USTECH033,69.99
2024-01-04T16:00:00,USTECH034,70.80
2024-01-04T16:00:00,USTECH035,72.10
2024-01-04T16:00:00,USTECH036,73.54
2024-01-04T16:00:00,USTECH037,74.98
2024-01-04T16:00:00,USTECH038,76.42
2024-01-04T16:00:00,USTECH039,77.86
2024-01-04T16:00:00,USTECH040,79.30
2024-01-04T16:00:00,USTECH041,80.74
2024-01-04T16:00:00,USTECH042,82.04
2024-01-04T16:00:00,USTECH043,82.85
2024-01-04T16:00:00,USTECH044,84.29
2024-01-04T16:00:00,USTECH045,85.73
2024-01-04T16:00:00,USTECH046,87.17
2024-01-04T16:00:00,USTECH047,88.61
2024-01-04T16:00:00,USTECH048,90.05
2024-01-04T16:00:00,USTECH049,91.35
2024-01-04T16:00:00,USTECH050,92.79
2024-01-04T16:00:00,USTECH051,94.23
2024-01-04T16:00:00,USTECH052,95.04
2024-01-04T16:00:00,USTECH053,96.48
2024-01-04T16:00:00,USTECH054,97.92
2024-01-04T16:00:00,USTECH055,99.36
2024-01-04T16:00:00,USTECH056,100.66
2024-01-04T16:00:00,USTECH057,102.10
2024-01-04T16:00:00,USTECH058,103.54
2024-01-04T16:00:00,USTECH059,104.98
2024-01-04T16:00:00,USTECH060,106.42
2024-01-04T16:00:00,USTECH061,107.23
2024-01-04T16:00:00,USTECH062,108.67
2024-01-04T16:00:00,USTECH063,109.97
2024-01-04T16:00:00,USTECH064,111.41
2024-01-04T16:00:00,USTECH065,112.85
2024-01-04T16:00:00,USTECH066,114.29
2024-01-04T16:00:00,USTECH067,115.73
2024-01-04T16:00:00,USTECH068,117.17
2024-01-04T16:00:00,USTECH069,118.61
2024-01-04T16:00:00,USTECH070,119.28
2024-01-04T16:00:00,USTECH071,120.72
2024-01-04T16:00:00,USTECH072,122.16
2024-01-04T16:00:00,USTECH073,123.60
2024-01-04T16:00:00,USTECH074,125.04
2024-01-04T16:00:00,USTECH075,126.48
2024-01-04T16:00:00,USTECH076,127.92
2024-01-04T16:00:00,USTECH077,129.22
2024-01-04T16:00:00,USTECH078,130.66
2024-01-04T16:00:00,USTECH079,131.47
2024-01-04T16:00:00,USTECH080,132.91
2024-01-04T16:00:00,USTECH081,134.35
2024-01-04T16:00:00,USTECH082,135.79
2024-01-04T16:00:00,USTECH083,137.23
2024-01-04T16:00:00,USTECH084,138.53
2024-01-04T16:00:00,USTECH085,139.97
2024-01-04T16:00:00,USTECH086,141.41
2024-01-04T16:00:00,USTECH087,142.85
2024-01-04T16:00:00,USTECH088,143.66
2024-01-04T16:00:00,USTECH089,145.10
2024-01-04T16:00:00,USTECH090,146.54
2024-01-04T16:00:00,USTECH091,147.84
2024-01-04T16:00:00,USTECH092,149.28
2024-01-04T16:00:00,USTECH093,150.72
2024-01-04T16:00:00,USTECH094,152.16
2024-01-04T16:00:00,USTECH095,153.60
2024-01-04T16:00:00,USTECH096,155.04
2024-01-04T16:00:00,USTECH097,155.85
2024-01-04T16:00:00,USTECH098,157.15
2024-01-04T16:00:00,USTECH099,158.59
2024-01-04T16:00:00,USTECH100,160.03
2024-01-05T16:00:00,USTECH001,26.47
2024-01-05T16:00:00,USTECH002,27.92
2024-01-05T16:00:00,USTECH003,29.37
2024-01-05T16:00:00,USTECH004,30.82
2024-01-05T16:00:00,USTECH005,32.27
2024-01-05T16:00:00,USTECH006,33.09
2024-01-05T16:00:00,USTECH007,34.33
2024-01-05T16:00:00,USTECH008,35.78
2024-01-05T16:00:00,USTECH009,37.23
2024-01-05T16:00:00,USTECH010,38.68
2024-01-05T16:00:00,USTECH011,40.13
2024-01-05T16:00:00,USTECH012,41.58
2024-01-05T16:00:00,USTECH013,43.03
2024-01-05T16:00:00,USTECH014,44.27
2024-01-05T16:00:00,USTECH015,45.09
2024-01-05T16:00:00,USTECH016,46.54
2024-01-05T16:00:00,USTECH017,47.99
2024-01-05T16:00:00,USTECH018,49.44
2024-01-05T16:00:00,USTECH019,50.89
2024-01-05T16:00:00,USTECH020,52.34
2024-01-05T16:00:00,USTECH021,53.58
2024-01-05T16:00:00,USTECH022,55.03
2024-01-05T16:00:00,USTECH023,56.48
2024-01-05T16:00:00,USTECH024,57.30
2024-01-05T16:00:00,USTECH025,58.75
2024-01-05T16:00:00,USTECH026,60.20
2024-01-05T16:00:00,USTECH027,61.65
2024-01-05T16:00:00,USTECH028,62.89
2024-01-05T16:00:00,USTECH029,64.34
2024-01-05T16:00:00,USTECH030,65.79
2024-01-05T16:00:00,USTECH031,67.24
2024-01-05T16:00:00,USTECH032,68.69
2024-01-05T16:00:00,USTECH033,69.51
2024-01-05T16:00:00,USTECH034,70.96
2024-01-05T16:00:00,USTECH035,72.20
2024-01-05T16:00:00,USTECH036,73.65
2024-01-05T16:00:00,USTECH037,75.10
2024-01-05T16:00:00,USTECH038,76.55
2024-01-05T16:00:00,USTECH039,78.00
2024-01-05T16:00:00,USTECH040,79.45
2024-01-05T16:00:00,USTECH041,80.90
2024-01-05T16:00:00,USTECH042,81.51
2024-01-05T16:00:00,USTECH043,82.96
2024-01-05T16:00:00,USTECH044,84.41
2024-01-05T16:00:00,USTECH045,85.86
2024-01-05T16:00:00,USTECH046,87.31
2024-01-05T16:00:00,USTECH047,88.76
2024-01-05T16:00:00,USTECH048,90.21
2024-01-05T16:00:00,USTECH049,91.45
2024-01-05T16:00:00,USTECH050,92.90
2024-01-05T16:00:00,USTECH051,93.72
2024-01-05T16:00:00,USTECH052,95.17
2024-01-05T16:00:00,USTECH053,96.62
2024-01-05T16:00:00,USTECH054,98.07
2024-01-05T16:00:00,USTECH055,99.52
2024-01-05T16:00:00,USTECH056,100.76
2024-01-05T16:00:00,USTECH057,102.21
2024-01-05T16:00:00,USTECH058,103.66
2024-01-05T16:00:00,USTECH059,105.11
2024-01-05T16:00:00,USTECH060,105.93
2024-01-05T16:00:00,USTECH061,107.38
2024-01-05T16:00:00,USTECH062,108.83
2024-01-05T16:00:00,USTECH063,110.07
2024-01-05T16:00:00,USTECH064,111.52
2024-01-05T16:00:00,USTECH065,112.97
2024-01-05T16:00:00,USTECH066,114.42
2024-01-05T16:00:00,USTECH067,115.87
2024-01-05T16:00:00,USTECH068,117.32
2024-01-05T16:00:00,USTECH069,118.14
2024-01-05T16:00:00,USTECH070,119.38
2024-01-05T16:00:00,USTECH071,120.83
2024-01-05T16:00:00,USTECH072,122.28
2024-01-05T16:00:00,USTECH073,123.73
2024-01-05T16:00:00,USTECH074,125.18
2024-01-05T16:00:00,USTECH075,126.63
2024-01-05T16:00:00,USTECH076,128.08
2024-01-05T16:00:00,USTECH077,129.32
2024-01-05T16:00:00,USTECH078,130.14
2024-01-05T16:00:00,USTECH079,131.59
2024-01-05T16:00:00,USTECH080,133.04
2024-01-05T16:00:00,USTECH081,134.49
2024-01-05T16:00:00,USTECH082,135.94
2024-01-05T16:00:00,USTECH083,137.39
2024-01-05T16:00:00,USTECH084,138.63
2024-01-05T16:00:00,USTECH085,140.08
2024-01-05T16:00:00,USTECH086,141.53
2024-01-05T16:00:00,USTECH087,142.35
2024-01-05T16:00:00,USTECH088,143.80
2024-01-05T16:00:00,USTECH089,145.25
2024-01-05T16:00:00,USTECH090,146.70
2024-01-05T16:00:00,USTECH091,147.94
2024-01-05T16:00:00,USTECH092,149.39
2024-01-05T16:00:00,USTECH093,150.84
2024-01-05T16:00:00,USTECH094,152.29
2024-01-05T16:00:00,USTECH095,153.74
2024-01-05T16:00:00,USTECH096,154.56
2024-01-05T16:00:00,USTECH097,156.01
2024-01-05T16:00:00,USTECH098,157.25
2024-01-05T16:00:00,USTECH099,158.70
2024-01-05T16:00:00,USTECH100,160.15
2024-01-08T16:00:00,USTECH001,26.58
2024-01-08T16:00:00,USTECH002,28.04
2024-01-08T16:00:00,USTECH003,29.50
2024-01-08T16:00:00,USTECH004,30.96
2024-01-08T16:00:00,USTECH005,31.79
2024-01-08T16:00:00,USTECH006,33.25
2024-01-08T16:00:00,USTECH007,34.43
2024-01-08T16:00:00,USTECH008,35.89
2024-01-08T16:00:00,USTECH009,37.35
2024-01-08T16:00:00,USTECH010,38.81
2024-01-08T16:00:00,USTECH011,40.27
2024-01-08T16:00:00,USTECH012,41.73
2024-01-08T16:00:00,USTECH013,43.19
2024-01-08T16:00:00,USTECH014,43.74
2024-01-08T16:00:00,USTECH015,45.20
2024-01-08T16:00:00,USTECH016,46.66
2024-01-08T16:00:00,USTECH017,48.12
2024-01-08T16:00:00,USTECH018,49.58
2024-01-08T16:00:00,USTECH019,51.04
2024-01-08T16:00:00,USTECH020,52.50
2024-01-08T16:00:00,USTECH021,53.68
2024-01-08T16:00:00,USTECH022,55.14
2024-01-08T16:00:00,USTECH023,55.97
2024-01-08T16:00:00,USTECH024,57.43
2024-01-08T16:00:00,USTECH025,58.89
2024-01-08T16:00:00,USTECH026,60.35
2024-01-08T16:00:00,USTECH027,61.81
2024-01-08T16:00:00,USTECH028,62.99
2024-01-08T16:00:00,USTECH029,64.45
2024-01-08T16:00:00,USTECH030,65.91
2024-01-08T16:00:00,USTECH031,67.37
2024-01-08T16:00:00,USTECH032,68.20
2024-01-08T16:00:00,USTECH033,69.66
2024-01-08T16:00:00,USTECH034,71.12
2024-01-08T16:00:00,USTECH035,72.30
2024-01-08T16:00:00,USTECH036,73.76
2024-01-08T16:00:00,USTECH037,75.22
2024-01-08T16:00:00,USTECH038,76.68
2024-01-08T16:00:00,USTECH039,78.14
2024-01-08T16:00:00,USTECH040,79.60
2024-01-08T16:00:00,USTECH041,80.43
2024-01-08T16:00:00,USTECH042,81.61
2024-01-08T16:00:00,USTECH043,83.07
2024-01-08T16:00:00,USTECH044,84.53
2024-01-08T16:00:00,USTECH045,85.99
2024-01-08T16:00:00,USTECH046,87.45
2024-01-08T16:00:00,USTECH047,88.91
2024-01-08T16:00:00,USTECH048,90.37
2024-01-08T16:00:00,USTECH049,91.55
2024-01-08T16:00:00,USTECH050,92.38
2024-01-08T16:00:00,USTECH051,93.84
2024-01-08T16:00:00,USTECH052,95.30
2024-01-08T16:00:00,USTECH053,96.76
2024-01-08T16:00:00,USTECH054,98.22
2024-01-08T16:00:00,USTECH055,99.68
2024-01-08T16:00:00,USTECH056,100.86
2024-01-08T16:00:00,USTECH057,102.32
2024-01-08T16:00:00,USTECH058,103.78
2024-01-08T16:00:00,USTECH059,104.61
2024-01-08T16:00:00,USTECH060,106.07
2024-01-08T16:00:00,USTECH061,107.53
2024-01-08T16:00:00,USTECH062,108.99
2024-01-08T16:00:00,USTECH063,110.17
2024-01-08T16:00:00,USTECH064,111.63
2024-01-08T16:00:00,USTECH065,113.09
2024-01-08T16:00:00,USTECH066,114.55
2024-01-08T16:00:00,USTECH067,116.01
2024-01-08T16:00:00,USTECH068,116.84
2024-01-08T16:00:00,USTECH069,118.30
2024-01-08T16:00:00,USTECH070,119.48
2024-01-08T16:00:00,USTECH071,120.94
2024-01-08T16:00:00,USTECH072,122.40
2024-01-08T16:00:00,USTECH073,123.86
2024-01-08T16:00:00,USTECH074,125.32
2024-01-08T16:00:00,USTECH075,126.78
2024-01-08T16:00:00,USTECH076,128.24
2024-01-08T16:00:00,USTECH077,128.79
2024-01-08T16:00:00,USTECH078,130.25
2024-01-08T16:00:00,USTECH079,131.71
2024-01-08T16:00:00,USTECH080,133.17
2024-01-08T16:00:00,USTECH081,134.63
2024-01-08T16:00:00,USTECH082,136.09
2024-01-08T16:00:00,USTECH083,137.55
2024-01-08T16:00:00,USTECH084,138.73
2024-01-08T16:00:00,USTECH085,140.19
2024-01-08T16:00:00,USTECH086,141.02
2024-01-08T16:00:00,USTECH087,142.48
2024-01-08T16:00:00,USTECH088,143.94
2024-01-08T16:00:00,USTECH089,145.40
2024-01-08T16:00:00,USTECH090,146.86
2024-01-08T16:00:00,USTECH091,148.04
2024-01-08T16:00:00,USTECH092,149.50
2024-01-08T16:00:00,USTECH093,150.96
2024-01-08T16:00:00,USTECH094,152.42
2024-01-08T16:00:00,USTECH095,153.25
2024-01-08T16:00:00,USTECH096,154.71
2024-01-08T16:00:00,USTECH097,156.17
2024-01-08T16:00:00,USTECH098,157.35
2024-01-08T16:00:00,USTECH099,158.81
2024-01-08T16:00:00,USTECH100,160.27
2024-01-09T16:00:00,USTECH001,26.69
2024-01-09T16:00:00,USTECH002,28.16
2024-01-09T16:00:00,USTECH003,29.63
2024-01-09T16:00:00,USTECH004,30.47
2024-01-09T16:00:00,USTECH005,31.94
2024-01-09T16:00:00,USTECH006,33.41
2024-01-09T16:00:00,USTECH007,34.53
2024-01-09T16:00:00,USTECH008,36.00
2024-01-09T16:00:00,USTECH009,37.47
2024-01-09T16:00:00,USTECH010,38.94
2024-01-09T16:00:00,USTECH011,40.41
2024-01-09T16:00:00,USTECH012,41.88
2024-01-09T16:00:00,USTECH013,42.72
2024-01-09T16:00:00,USTECH014,43.84
2024-01-09T16:00:00,USTECH015,45.31
2024-01-09T16:00:00,USTECH016,46.78
2024-01-09T16:00:00,USTECH017,48.25
2024-01-09T16:00:00,USTECH018,49.72
2024-01-09T16:00:00,USTECH019,51.19
2024-01-09T16:00:00,USTECH020,52.66
2024-01-09T16:00:00,USTECH021,53.78
2024-01-09T16:00:00,USTECH022,54.62
2024-01-09T16:00:00,USTECH023,56.09
2024-01-09T16:00:00,USTECH024,57.56
2024-01-09T16:00:00,USTECH025,59.03
2024-01-09T16:00:00,USTECH026,60.50
2024-01-09T16:00:00,USTECH027,61.97
2024-01-09T16:00:00,USTECH028,63.09
2024-01-09T16:00:00,USTECH029,64.56
2024-01-09T16:00:00,USTECH030,66.03
2024-01-09T16:00:00,USTECH031,66.87
2024-01-09T16:00:00,USTECH032,68.34
2024-01-09T16:00:00,USTECH033,69.81
2024-01-09T16:00:00,USTECH034,71.28
2024-01-09T16:00:00,USTECH035,72.40
2024-01-09T16:00:00,USTECH036,73.87
2024-01-09T16:00:00,USTECH037,75.34
2024-01-09T16:00:00,USTECH038,76.81
2024-01-09T16:00:00,USTECH039,78.28
2024-01-09T16:00:00,USTECH040,79.12
2024-01-09T16:00:00,USTECH041,80.59
2024-01-09T16:00:00,USTECH042,81.71
2024-01-09T16:00:00,USTECH043,83.18
2024-01-09T16:00:00,USTECH044,84.65
2024-01-09T16:00:00,USTECH045,86.12
2024-01-09T16:00:00,USTECH046,87.59
2024-01-09T16:00:00,USTECH047,89.06
2024-01-09T16:00:00,USTECH048,90.53
2024-01-09T16:00:00,USTECH049,91.02
2024-01-09T16:00:00,USTECH050,92.49
2024-01-09T16:00:00,USTECH051,93.96
2024-01-09T16:00:00,USTECH052,95.43
2024-01-09T16:00:00,USTECH053,96.90
2024-01-09T16:00:00,USTECH054,98.37
2024-01-09T16:00:00,USTECH055,99.84
2024-01-09T16:00:00,USTECH056,100.96
2024-01-09T16:00:00,USTECH057,102.43
2024-01-09T16:00:00,USTECH058,103.27
2024-01-09T16:00:00,USTECH059,104.74
2024-01-09T16:00:00,USTECH060,106.21
2024-01-09T16:00:00,USTECH061,107.68
2024-01-09T16:00:00,USTECH062,109.15
2024-01-09T16:00:00,USTECH063,110.27
2024-01-09T16:00:00,USTECH064,111.74
2024-01-09T16:00:00,USTECH065,113.21
2024-01-09T16:00:00,USTECH066,114.68
2024-01-09T16:00:00,USTECH067,115.52
2024-01-09T16:00:00,USTECH068,116.99
2024-01-09T16:00:00,USTECH069,118.46
2024-01-09T16:00:00,USTECH070,119.58
2024-01-09T16:00:00,USTECH071,121.05
2024-01-09T16:00:00,USTECH072,122.52
2024-01-09T16:00:00,USTECH073,123.99
2024-01-09T16:00:00,USTECH074,125.46
2024-01-09T16:00:00,USTECH075,126.93
2024-01-09T16:00:00,USTECH076,127.77
2024-01-09T16:00:00,USTECH077,128.89
2024-01-09T16:00:00,USTECH078,130.36
2024-01-09T16:00:00,USTECH079,131.83
2024-01-09T16:00:00,USTECH080,133.30
2024-01-09T16:00:00,USTECH081,134.77
2024-01-09T16:00:00,USTECH082,136.24
2024-01-09T16:00:00,USTECH083,137.71
2024-01-09T16:00:00,USTECH084,138.83
2024-01-09T16:00:00,USTECH085,139.67
2024-01-09T16:00:00,USTECH086,141.14
2024-01-09T16:00:00,USTECH087,142.61
2024-01-09T16:00:00,USTECH088,144.08
2024-01-09T16:00:00,USTECH089,145.55
2024-01-09T16:00:00,USTECH090,147.02
2024-01-09T16:00:00,USTECH091,148.14
2024-01-09T16:00:00,USTECH092,149.61
2024-01-09T16:00:00,USTECH093,151.08
2024-01-09T16:00:00,USTECH094,151.92
2024-01-09T16:00:00,USTECH095,153.39
2024-01-09T16:00:00,USTECH096,154.86
2024-01-09T16:00:00,USTECH097,156.33
2024-01-09T16:00:00,USTECH098,157.45
2024-01-09T16:00:00,USTECH099,158.92
2024-01-09T16:00:00,USTECH100,160.39
2024-01-10T16:00:00,USTECH001,26.80
2024-01-10T16:00:00,USTECH002,28.28
2024-01-10T16:00:00,USTECH003,29.13
2024-01-10T16:00:00,USTECH004,30.61
2024-01-10T16:00:00,USTECH005,32.09
2024-01-10T16:00:00,USTECH006,33.57
2024-01-10T16:00:00,USTECH007,34.63
2024-01-10T16:00:00,USTECH008,36.11
2024-01-10T16:00:00,USTECH009,37.59
2024-01-10T16:00:00,USTECH010,39.07
2024-01-10T16:00:00,USTECH011,40.55
2024-01-10T16:00:00,USTECH012,41.40
2024-01-10T16:00:00,USTECH013,42.88
2024-01-10T16:00:00,USTECH014,43.94
2024-01-10T16:00:00,USTECH015,45.42
2024-01-10T16:00:00,USTECH016,46.90
2024-01-10T16:00:00,USTECH017,48.38
2024-01-10T16:00:00,USTECH018,49.86
2024-01-10T16:00:00,USTECH019,51.34
2024-01-10T16:00:00,USTECH020,52.82
2024-01-10T16:00:00,USTECH021,53.25
2024-01-10T16:00:00,USTECH022,54.73
2024-01-10T16:00:00,USTECH023,56.21
2024-01-10T16:00:00,USTECH024,57.69
2024-01-10T16:00:00,USTECH025,59.17
2024-01-10T16:00:00,USTECH026,60.65
2024-01-10T16:00:00,USTECH027,62.13
2024-01-10T16:00:00,USTECH028,63.19
2024-01-10T16:00:00,USTECH029,64.67
2024-01-10T16:00:00,USTECH030,65.52
2024-01-10T16:00:00,USTECH031,67.00
2024-01-10T16:00:00,USTECH032,68.48
2024-01-10T16:00:00,USTECH033,69.96
2024-01-10T16:00:00,USTECH034,71.44
2024-01-10T16:00:00,USTECH035,72.50
2024-01-10T16:00:00,USTECH036,73.98
2024-01-10T16:00:00,USTECH037,75.46
2024-01-10T16:00:00,USTECH038,76.94
2024-01-10T16:00:00,USTECH039,77.79
2024-01-10T16:00:00,USTECH040,79.27
2024-01-10T16:00:00,USTECH041,80.75
2024-01-10T16:00:00,USTECH042,81.81
2024-01-10T16:00:00,USTECH043,83.29
2024-01-10T16:00:00,USTECH044,84.77
2024-01-10T16:00:00,USTECH045,86.25
2024-01-10T16:00:00,USTECH046,87.73
2024-01-10T16:00:00,USTECH047,89.21
2024-01-10T16:00:00,USTECH048,90.06
2024-01-10T16:00:00,USTECH049,91.12
2024-01-10T16:00:00,USTECH050,92.60
2024-01-10T16:00:00,USTECH051,94.08
2024-01-10T16:00:00,USTECH052,95.56
2024-01-10T16:00:00,USTECH053,97.04
2024-01-10T16:00:00,USTECH054,98.52
2024-01-10T16:00:00,USTECH055,100.00
2024-01-10T16:00:00,USTECH056,101.06
2024-01-10T16:00:00,USTECH057,101.91
2024-01-10T16:00:00,USTECH058,103.39
2024-01-10T16:00:00,USTECH059,104.87
2024-01-10T16:00:00,USTECH060,106.35
2024-01-10T16:00:00,USTECH061,107.83
2024-01-10T16:00:00,USTECH062,109.31
2024-01-10T16:00:00,USTECH063,110.37
2024-01-10T16:00:00,USTECH064,111.85
2024-01-10T16:00:00,USTECH065,113.33
2024-01-10T16:00:00,USTECH066,114.18
2024-01-10T16:00:00,USTECH067,115.66
2024-01-10T16:00:00,USTECH068,117.14
2024-01-10T16:00:00,USTECH069,118.62
2024-01-10T16:00:00,USTECH070,119.68
2024-01-10T16:00:00,USTECH071,121.16
2024-01-10T16:00:00,USTECH072,122.64
2024-01-10T16:00:00,USTECH073,124.12
2024-01-10T16:00:00,USTECH074,125.60
2024-01-10T16:00:00,USTECH075,126.45
2024-01-10T16:00:00,USTECH076,127.93
2024-01-10T16:00:00,USTECH077,128.99
2024-01-10T16:00:00,USTECH078,130.47
2024-01-10T16:00:00,USTECH079,131.95
2024-01-10T16:00:00,USTECH080,133.43
2024-01-10T16:00:00,USTECH081,134.91
2024-01-10T16:00:00,USTECH082,136.39
2024-01-10T16:00:00,USTECH083,137.87
2024-01-10T16:00:00,USTECH084,138.30
2024-01-10T16:00:00,USTECH085,139.78
2024-01-10T16:00:00,USTECH086,141.26
2024-01-10T16:00:00,USTECH087,142.74
2024-01-10T16:00:00,USTECH088,144.22
2024-01-10T16:00:00,USTECH089,145.70
2024-01-10T16:00:00,USTECH090,147.18
2024-01-10T16:00:00,USTECH091,148.24
2024-01-10T16:00:00,USTECH092,149.72
2024-01-10T16:00:00,USTECH093,150.57
2024-01-10T16:00:00,USTECH094,152.05
2024-01-10T16:00:00,USTECH095,153.53
2024-01-10T16:00:00,USTECH096,155.01
2024-01-10T16:00:00,USTECH097,156.49
2024-01-10T16:00:00,USTECH098,157.55
2024-01-10T16:00:00,USTECH099,159.03
2024-01-10T16:00:00,USTECH100,160.51
2024-01-11T16:00:00,USTECH001,26.91
2024-01-11T16:00:00,USTECH002,27.77
2024-01-11T16:00:00,USTECH003,29.26
2024-01-11T16:00:00,USTECH004,30.75
2024-01-11T16:00:00,USTECH005,32.24
2024-01-11T16:00:00,USTECH006,33.73
2024-01-11T16:00:00,USTECH007,34.73
2024-01-11T16:00:00,USTECH008,36.22
2024-01-11T16:00:00,USTECH009,37.71
2024-01-11T16:00:00,USTECH010,39.20
2024-01-11T16:00:00,USTECH011,40.06
2024-01-11T16:00:00,USTECH012,41.55
2024-01-11T16:00:00,USTECH013,43.04
2024-01-11T16:00:00,USTECH014,44.04
2024-01-11T16:00:00,USTECH015,45.53
2024-01-11T16:00:00,USTECH016,47.02
2024-01-11T16:00:00,USTECH017,48.51
2024-01-11T16:00:00,USTECH018,50.00
2024-01-11T16:00:00,USTECH019,51.49
2024-01-11T16:00:00,USTECH020,52.35
2024-01-11T16:00:00,USTECH021,53.35
2024-01-11T16:00:00,USTECH022,54.84
2024-01-11T16:00:00,USTECH023,56.33
2024-01-11T16:00:00,USTECH024,57.82
2024-01-11T16:00:00,USTECH025,59.31
2024-01-11T16:00:00,USTECH026,60.80
2024-01-11T16:00:00,USTECH027,62.29
2024-01-11T16:00:00,USTECH028,63.29
2024-01-11T16:00:00,USTECH029,64.15
2024-01-11T16:00:00,USTECH030,65.64
2024-01-11T16:00:00,USTECH031,67.13
2024-01-11T16:00:00,USTECH032,68.62
2024-01-11T16:00:00,USTECH033,70.11
2024-01-11T16:00:00,USTECH034,71.60
2024-01-11T16:00:00,USTECH035,72.60
2024-01-11T16:00:00,USTECH036,74.09
2024-01-11T16:00:00,USTECH037,75.58
2024-01-11T16:00:00,USTECH038,76.44
2024-01-11T16:00:00,USTECH039,77.93
2024-01-11T16:00:00,USTECH040,79.42
2024-01-11T16:00:00,USTECH041,80.91
2024-01-11T16:00:00,USTECH042,81.91
2024-01-11T16:00:00,USTECH043,83.40
2024-01-11T16:00:00,USTECH044,84.89
2024-01-11T16:00:00,USTECH045,86.38
2024-01-11T16:00:00,USTECH046,87.87
2024-01-11T16:00:00,USTECH047,88.73
2024-01-11T16:00:00,USTECH048,90.22
2024-01-11T16:00:00,USTECH049,91.22
2024-01-11T16:00:00,USTECH050,92.71
2024-01-11T16:00:00,USTECH051,94.20
2024-01-11T16:00:00,USTECH052,95.69
2024-01-11T16:00:00,USTECH053,97.18
2024-01-11T16:00:00,USTECH054,98.67
2024-01-11T16:00:00,USTECH055,100.16
2024-01-11T16:00:00,USTECH056,100.53
2024-01-11T16:00:00,USTECH057,102.02
2024-01-11T16:00:00,USTECH058,103.51
2024-01-11T16:00:00,USTECH059,105.00
2024-01-11T16:00:00,USTECH060,106.49
2024-01-11T16:00:00,USTECH061,107.98
2024-01-11T16:00:00,USTECH062,109.47
2024-01-11T16:00:00,USTECH063,110.47
2024-01-11T16:00:00,USTECH064,111.96
2024-01-11T16:00:00,USTECH065,112.82
2024-01-11T16:00:00,USTECH066,114.31
2024-01-11T16:00:00,USTECH067,115.80
2024-01-11T16:00:00,USTECH068,117.29
2024-01-11T16:00:00,USTECH069,118.78
2024-01-11T16:00:00,USTECH070,119.78
2024-01-11T16:00:00,USTECH071,121.27
2024-01-11T16:00:00,USTECH072,122.76
2024-01-11T16:00:00,USTECH073,124.25
2024-01-11T16:00:00,USTECH074,125.11
2024-01-11T16:00:00,USTECH075,126.60
2024-01-11T16:00:00,USTECH076,128.09
2024-01-11T16:00:00,USTECH077,129.09
2024-01-11T16:00:00,USTECH078,130.58
2024-01-11T16:00:00,USTECH079,132.07
2024-01-11T16:00:00,USTECH080,133.56
2024-01-11T16:00:00,USTECH081,135.05
2024-01-11T16:00:00,USTECH082,136.54
2024-01-11T16:00:00,USTECH083,137.40
2024-01-11T16:00:00,USTECH084,138.40
2024-01-11T16:00:00,USTECH085,139.89
2024-01-11T16:00:00,USTECH086,141.38
2024-01-11T16:00:00,USTECH087,142.87
2024-01-11T16:00:00,USTECH088,144.36
2024-01-11T16:00:00,USTECH089,145.85
2024-01-11T16:00:00,USTECH090,147.34
2024-01-11T16:00:00,USTECH091,148.34
2024-01-11T16:00:00,USTECH092,149.20
2024-01-11T16:00:00,USTECH093,150.69
2024-01-11T16:00:00,USTECH094,152.18
2024-01-11T16:00:00,USTECH095,153.67
2024-01-11T16:00:00,USTECH096,155.16
2024-01-11T16:00:00,USTECH097,156.65
2024-01-11T16:00:00,USTECH098,157.65
2024-01-11T16:00:00,USTECH099,159.14
2024-01-11T16:00:00,USTECH100,160.63
2024-01-12T16:00:00,USTECH001,26.39
2024-01-12T16:00:00,USTECH002,27.89
2024-01-12T16:00:00,USTECH003,29.39
2024-01-12T16:00:00,USTECH004,30.89
2024-01-12T16:00:00,USTECH005,32.39
2024-01-12T16:00:00,USTECH006,33.89
2024-01-12T16:00:00,USTECH007,34.83
2024-01-12T16:00:00,USTECH008,36.33
2024-01-12T16:00:00,USTECH009,37.83
2024-01-12T16:00:00,USTECH010,38.70
2024-01-12T16:00:00,USTECH011,40.20
2024-01-12T16:00:00,USTECH012,41.70
2024-01-12T16:00:00,USTECH013,43.20
2024-01-12T16:00:00,USTECH014,44.14
2024-01-12T16:00:00,USTECH015,45.64
2024-01-12T16:00:00,USTECH016,47.14
2024-01-12T16:00:00,USTECH017,48.64
2024-01-12T16:00:00,USTECH018,50.14
2024-01-12T16:00:00,USTECH019,51.01
2024-01-12T16:00:00,USTECH020,52.51
2024-01-12T16:00:00,USTECH021,53.45
2024-01-12T16:00:00,USTECH022,54.95
2024-01-12T16:00:00,USTECH023,56.45
2024-01-12T16:00:00,USTECH024,57.95
2024-01-12T16:00:00,USTECH025,59.45
2024-01-12T16:00:00,USTECH026,60.95
2024-01-12T16:00:00,USTECH027,62.45
2024-01-12T16:00:00,USTECH028,62.76
2024-01-12T16:00:00,USTECH029,64.26
2024-01-12T16:00:00,USTECH030,65.76
2024-01-12T16:00:00,USTECH031,67.26
2024-01-12T16:00:00,USTECH032,68.76
2024-01-12T16:00:00,USTECH033,70.26
2024-01-12T16:00:00,USTECH034,71.76
2024-01-12T16:00:00,USTECH035,72.70
2024-01-12T16:00:00,USTECH036,74.20
2024-01-12T16:00:00,USTECH037,75.07
2024-01-12T16:00:00,USTECH038,76.57
2024-01-12T16:00:00,USTECH039,78.07
2024-01-12T16:00:00,USTECH040,79.57
2024-01-12T16:00:00,USTECH041,81.07
2024-01-12T16:00:00,USTECH042,82.01
2024-01-12T16:00:00,USTECH043,83.51
2024-01-12T16:00:00,USTECH044,85.01
2024-01-12T16:00:00,USTECH045,86.51
2024-01-12T16:00:00,USTECH046,87.38
2024-01-12T16:00:00,USTECH047,88.88
2024-01-12T16:00:00,USTECH048,90.38
2024-01-12T16:00:00,USTECH049,91.32
2024-01-12T16:00:00,USTECH050,92.82
2024-01-12T16:00:00,USTECH051,94.32
2024-01-12T16:00:00,USTECH052,95.82
2024-01-12T16:00:00,USTECH053,97.32
2024-01-12T16:00:00,USTECH054,98.82
2024-01-12T16:00:00,USTECH055,99.69
2024-01-12T16:00:00,USTECH056,100.63
2024-01-12T16:00:00,USTECH057,102.13
2024-01-12T16:00:00,USTECH058,103.63
2024-01-12T16:00:00,USTECH059,105.13
2024-01-12T16:00:00,USTECH060,106.63
2024-01-12T16:00:00,USTECH061,108.13
2024-01-12T16:00:00,USTECH062,109.63
2024-01-12T16:00:00,USTECH063,110.57
2024-01-12T16:00:00,USTECH064,111.44
2024-01-12T16:00:00,USTECH065,112.94
2024-01-12T16:00:00,USTECH066,114.44
2024-01-12T16:00:00,USTECH067,115.94
2024-01-12T16:00:00,USTECH068,117.44
2024-01-12T16:00:00,USTECH069,118.94
2024-01-12T16:00:00,USTECH070,119.88
2024-01-12T16:00:00,USTECH071,121.38
2024-01-12T16:00:00,USTECH072,122.88
2024-01-12T16:00:00,USTECH073,123.75
2024-01-12T16:00:00,USTECH074,125.25
2024-01-12T16:00:00,USTECH075,126.75
2024-01-12T16:00:00,USTECH076,128.25
2024-01-12T16:00:00,USTECH077,129.19
2024-01-12T16:00:00,USTECH078,130.69
2024-01-12T16:00:00,USTECH079,132.19
2024-01-12T16:00:00,USTECH080,133.69
2024-01-12T16:00:00,USTECH081,135.19
2024-01-12T16:00:00,USTECH082,136.06
2024-01-12T16:00:00,USTECH083,137.56
2024-01-12T16:00:00,USTECH084,138.50
2024-01-12T16:00:00,USTECH085,140.00
2024-01-12T16:00:00,USTECH086,141.50
2024-01-12T16:00:00,USTECH087,143.00
2024-01-12T16:00:00,USTECH088,144.50
2024-01-12T16:00:00,USTECH089,146.00
2024-01-12T16:00:00,USTECH090,147.50
2024-01-12T16:00:00,USTECH091,147.81
2024-01-12T16:00:00,USTECH092,149.31
2024-01-12T16:00:00,USTECH093,150.81
2024-01-12T16:00:00,USTECH094,152.31
2024-01-12T16:00:00,USTECH095,153.81
2024-01-12T16:00:00,USTECH096,155.31
2024-01-12T16:00:00,USTECH097,156.81
2024-01-12T16:00:00,USTECH098,157.75
2024-01-12T16:00:00,USTECH099,159.25
2024-01-12T16:00:00,USTECH100,160.12
2024-01-15T16:00:00,USTECH001,26.50
2024-01-15T16:00:00,USTECH002,28.01
2024-01-15T16:00:00,USTECH003,29.52
2024-01-15T16:00:00,USTECH004,31.03
2024-01-15T16:00:00,USTECH005,32.54
2024-01-15T16:00:00,USTECH006,34.05
2024-01-15T16:00:00,USTECH007,34.93
2024-01-15T16:00:00,USTECH008,36.44
2024-01-15T16:00:00,USTECH009,37.32
2024-01-15T16:00:00,USTECH010,38.83
2024-01-15T16:00:00,USTECH011,40.34
2024-01-15T16:00:00,USTECH012,41.85
2024-01-15T16:00:00,USTECH013,43.36
2024-01-15T16:00:00,USTECH014,44.24
2024-01-15T16:00:00,USTECH015,45.75
2024-01-15T16:00:00,USTECH016,47.26
2024-01-15T16:00:00,USTECH017,48.77
2024-01-15T16:00:00,USTECH018,49.65
2024-01-15T16:00:00,USTECH019,51.16
2024-01-15T16:00:00,USTECH020,52.67
2024-01-15T16:00:00,USTECH021,53.55
2024-01-15T16:00:00,USTECH022,55.06
2024-01-15T16:00:00,USTECH023,56.57
2024-01-15T16:00:00,USTECH024,58.08
2024-01-15T16:00:00,USTECH025,59.59
2024-01-15T16:00:00,USTECH026,61.10
2024-01-15T16:00:00,USTECH027,61.98
2024-01-15T16:00:00,USTECH028,62.86
2024-01-15T16:00:00,USTECH029,64.37
2024-01-15T16:00:00,USTECH030,65.88
2024-01-15T16:00:00,USTECH031,67.39
2024-01-15T16:00:00,USTECH032,68.90
2024-01-15T16:00:00,USTECH033,70.41
2024-01-15T16:00:00,USTECH034,71.92
2024-01-15T16:00:00,USTECH035,72.80
2024-01-15T16:00:00,USTECH036,73.68
2024-01-15T16:00:00,USTECH037,75.19
2024-01-15T16:00:00,USTECH038,76.70
2024-01-15T16:00:00,USTECH039,78.21
2024-01-15T16:00:00,USTECH040,79.72
2024-01-15T16:00:00,USTECH041,81.23
2024-01-15T16:00:00,USTECH042,82.11
2024-01-15T16:00:00,USTECH043,83.62
2024-01-15T16:00:00,USTECH044,85.13
2024-01-15T16:00:00,USTECH045,86.01
2024-01-15T16:00:00,USTECH046,87.52
2024-01-15T16:00:00,USTECH047,89.03
2024-01-15T16:00:00,USTECH048,90.54
2024-01-15T16:00:00,USTECH049,91.42
2024-01-15T16:00:00,USTECH050,92.93
2024-01-15T16:00:00,USTECH051,94.44
2024-01-15T16:00:00,USTECH052,95.95
2024-01-15T16:00:00,USTECH053,97.46
2024-01-15T16:00:00,USTECH054,98.34
2024-01-15T16:00:00,USTECH055,99.85
2024-01-15T16:00:00,USTECH056,100.73
2024-01-15T16:00:00,USTECH057,102.24
2024-01-15T16:00:00,USTECH058,103.75
2024-01-15T16:00:00,USTECH059,105.26
2024-01-15T16:00:00,USTECH060,106.77
2024-01-15T16:00:00,USTECH061,108.28
2024-01-15T16:00:00,USTECH062,109.79
2024-01-15T16:00:00,USTECH063,110.04
2024-01-15T16:00:00,USTECH064,111.55
2024-01-15T16:00:00,USTECH065,113.06
2024-01-15T16:00:00,USTECH066,114.57
2024-01-15T16:00:00,USTECH067,116.08
2024-01-15T16:00:00,USTECH068,117.59
2024-01-15T16:00:00,USTECH069,119.10
2024-01-15T16:00:00,USTECH070,119.98
2024-01-15T16:00:00,USTECH071,121.49
2024-01-15T16:00:00,USTECH072,122.37
2024-01-15T16:00:00,USTECH073,123.88
2024-01-15T16:00:00,USTECH074,125.39
2024-01-15T16:00:00,USTECH075,126.90
2024-01-15T16:00:00,USTECH076,128.41
2024-01-15T16:00:00,USTECH077,129.29
2024-01-15T16:00:00,USTECH078,130.80
2024-01-15T16:00:00,USTECH079,132.31
2024-01-15T16:00:00,USTECH080,133.82
2024-01-15T16:00:00,USTECH081,134.70
2024-01-15T16:00:00,USTECH082,136.21
2024-01-15T16:00:00,USTECH083,137.72
2024-01-15T16:00:00,USTECH084,138.60
2024-01-15T16:00:00,USTECH085,140.11
2024-01-15T16:00:00,USTECH086,141.62
2024-01-15T16:00:00,USTECH087,143.13
2024-01-15T16:00:00,USTECH088,144.64
2024-01-15T16:00:00,USTECH089,146.15
2024-01-15T16:00:00,USTECH090,147.03
2024-01-15T16:00:00,USTECH091,147.91
2024-01-15T16:00:00,USTECH092,149.42
2024-01-15T16:00:00,USTECH093,150.93
2024-01-15T16:00:00,USTECH094,152.44
2024-01-15T16:00:00,USTECH095,153.95
2024-01-15T16:00:00,USTECH096,155.46
2024-01-15T16:00:00,USTECH097,156.97
2024-01-15T16:00:00,USTECH098,157.85
2024-01-15T16:00:00,USTECH099,158.73
2024-01-15T16:00:00,USTECH100,160.24
2024-01-16T16:00:00,USTECH001,26.61
2024-01-16T16:00:00,USTECH002,28.13
2024-01-16T16:00:00,USTECH003,29.65
2024-01-16T16:00:00,USTECH004,31.17
2024-01-16T16:00:00,USTECH005,32.69
2024-01-16T16:00:00,USTECH006,34.21
2024-01-16T16:00:00,USTECH007,35.03
2024-01-16T16:00:00,USTECH008,35.92
2024-01-16T16:00:00,USTECH009,37.44
2024-01-16T16:00:00,USTECH010,38.96
2024-01-16T16:00:00,USTECH011,40.48
2024-01-16T16:00:00,USTECH012,42.00
2024-01-16T16:00:00,USTECH013,43.52
2024-01-16T16:00:00,USTECH014,44.34
2024-01-16T16:00:00,USTECH015,45.86
2024-01-16T16:00:00,USTECH016,47.38
2024-01-16T16:00:00,USTECH017,48.27
2024-01-16T16:00:00,USTECH018,49.79
2024-01-16T16:00:00,USTECH019,51.31
2024-01-16T16:00:00,USTECH020,52.83
2024-01-16T16:00:00,USTECH021,53.65
2024-01-16T16:00:00,USTECH022,55.17
2024-01-16T16:00:00,USTECH023,56.69
2024-01-16T16:00:00,USTECH024,58.21
2024-01-16T16:00:00,USTECH025,59.73
2024-01-16T16:00:00,USTECH026,60.62
2024-01-16T16:00:00,USTECH027,62.14
2024-01-16T16:00:00,USTECH028,62.96
2024-01-16T16:00:00,USTECH029,64.48
2024-01-16T16:00:00,USTECH030,66.00
2024-01-16T16:00:00,USTECH031,67.52
2024-01-16T16:00:00,USTECH032,69.04
2024-01-16T16:00:00,USTECH033,70.56
2024-01-16T16:00:00,USTECH034,72.08
2024-01-16T16:00:00,USTECH035,72.27
2024-01-16T16:00:00,USTECH036,73.79
2024-01-16T16:00:00,USTECH037,75.31
2024-01-16T16:00:00,USTECH038,76.83
2024-01-16T16:00:00,USTECH039,78.35
2024-01-16T16:00:00,USTECH040,79.87
2024-01-16T16:00:00,USTECH041,81.39
2024-01-16T16:00:00,USTECH042,82.21
2024-01-16T16:00:00,USTECH043,83.73
2024-01-16T16:00:00,USTECH044,84.62
2024-01-16T16:00:00,USTECH045,86.14
2024-01-16T16:00:00,USTECH046,87.66
2024-01-16T16:00:00,USTECH047,89.18
2024-01-16T16:00:00,USTECH048,90.70
2024-01-16T16:00:00,USTECH049,91.52
2024-01-16T16:00:00,USTECH050,93.04
2024-01-16T16:00:00,USTECH051,94.56
2024-01-16T16:00:00,USTECH052,96.08
2024-01-16T16:00:00,USTECH053,96.97
2024-01-16T16:00:00,USTECH054,98.49
2024-01-16T16:00:00,USTECH055,100.01
2024-01-16T16:00:00,USTECH056,100.83
2024-01-16T16:00:00,USTECH057,102.35
2024-01-16T16:00:00,USTECH058,103.87
2024-01-16T16:00:00,USTECH059,105.39
2024-01-16T16:00:00,USTECH060,106.91
2024-01-16T16:00:00,USTECH061,108.43
2024-01-16T16:00:00,USTECH062,109.32
2024-01-16T16:00:00,USTECH063,110.14
2024-01-16T16:00:00,USTECH064,111.66
2024-01-16T16:00:00,USTECH065,113.18
2024-01-16T16:00:00,USTECH066,114.70
2024-01-16T16:00:00,USTECH067,116.22
2024-01-16T16:00:00,USTECH068,117.74
2024-01-16T16:00:00,USTECH069,119.26
2024-01-16T16:00:00,USTECH070,120.08
2024-01-16T16:00:00,USTECH071,120.97
2024-01-16T16:00:00,USTECH072,122.49
2024-01-16T16:00:00,USTECH073,124.01
2024-01-16T16:00:00,USTECH074,125.53
2024-01-16T16:00:00,USTECH075,127.05
2024-01-16T16:00:00,USTECH076,128.57
2024-01-16T16:00:00,USTECH077,129.39
2024-01-16T16:00:00,USTECH078,130.91
2024-01-16T16:00:00,USTECH079,132.43
2024-01-16T16:00:00,USTECH080,133.32
2024-01-16T16:00:00,USTECH081,134.84
2024-01-16T16:00:00,USTECH082,136.36
2024-01-16T16:00:00,USTECH083,137.88
2024-01-16T16:00:00,USTECH084,138.70
2024-01-16T16:00:00,USTECH085,140.22
2024-01-16T16:00:00,USTECH086,141.74
2024-01-16T16:00:00,USTECH087,143.26
2024-01-16T16:00:00,USTECH088,144.78
2024-01-16T16:00:00,USTECH089,145.67
2024-01-16T16:00:00,USTECH090,147.19
2024-01-16T16:00:00,USTECH091,148.01
2024-01-16T16:00:00,USTECH092,149.53
2024-01-16T16:00:00,USTECH093,151.05
2024-01-16T16:00:00,USTECH094,152.57
2024-01-16T16:00:00,USTECH095,154.09
2024-01-16T16:00:00,USTECH096,155.61
2024-01-16T16:00:00,USTECH097,157.13
2024-01-16T16:00:00,USTECH098,157.32
2024-01-16T16:00:00,USTECH099,158.84
2024-01-16T16:00:00,USTECH100,160.36
2024-01-17T16:00:00,USTECH001,26.72
2024-01-17T16:00:00,USTECH002,28.25
2024-01-17T16:00:00,USTECH003,29.78
2024-01-17T16:00:00,USTECH004,31.31
2024-01-17T16:00:00,USTECH005,32.84
2024-01-17T16:00:00,USTECH006,34.37
2024-01-17T16:00:00,USTECH007,34.50
2024-01-17T16:00:00,USTECH008,36.03
2024-01-17T16:00:00,USTECH009,37.56
2024-01-17T16:00:00,USTECH010,39.09
2024-01-17T16:00:00,USTECH011,40.62
2024-01-17T16:00:00,USTECH012,42.15
2024-01-17T16:00:00,USTECH013,43.68
2024-01-17T16:00:00,USTECH014,44.44
2024-01-17T16:00:00,USTECH015,45.97
2024-01-17T16:00:00,USTECH016,46.87
2024-01-17T16:00:00,USTECH017,48.40
2024-01-17T16:00:00,USTECH018,49.93
2024-01-17T16:00:00,USTECH019,51.46
2024-01-17T16:00:00,USTECH020,52.99
2024-01-17T16:00:00,USTECH021,53.75
2024-01-17T16:00:00,USTECH022,55.28
2024-01-17T16:00:00,USTECH023,56.81
2024-01-17T16:00:00,USTECH024,58.34
2024-01-17T16:00:00,USTECH025,59.24
2024-01-17T16:00:00,USTECH026,60.77
2024-01-17T16:00:00,USTECH027,62.30
2024-01-17T16:00:00,USTECH028,63.06
2024-01-17T16:00:00,USTECH029,64.59
2024-01-17T16:00:00,USTECH030,66.12
2024-01-17T16:00:00,USTECH031,67.65
2024-01-17T16:00:00,USTECH032,69.18
2024-01-17T16:00:00,USTECH033,70.71
2024-01-17T16:00:00,USTECH034,71.61
2024-01-17T16:00:00,USTECH035,72.37
2024-01-17T16:00:00,USTECH036,73.90
2024-01-17T16:00:00,USTECH037,75.43
2024-01-17T16:00:00,USTECH038,76.96
2024-01-17T16:00:00,USTECH039,78.49
2024-01-17T16:00:00,USTECH040,80.02
2024-01-17T16:00:00,USTECH041,81.55
2024-01-17T16:00:00,USTECH042,82.31
2024-01-17T16:00:00,USTECH043,83.21
2024-01-17T16:00:00,USTECH044,84.74
2024-01-17T16:00:00,USTECH045,86.27
2024-01-17T16:00:00,USTECH046,87.80
2024-01-17T16:00:00,USTECH047,89.33
2024-01-17T16:00:00,USTECH048,90.86
2024-01-17T16:00:00,USTECH049,91.62
2024-01-17T16:00:00,USTECH050,93.15
2024-01-17T16:00:00,USTECH051,94.68
2024-01-17T16:00:00,USTECH052,95.58
2024-01-17T16:00:00,USTECH053,97.11
2024-01-17T16:00:00,USTECH054,98.64
2024-01-17T16:00:00,USTECH055,100.17
2024-01-17T16:00:00,USTECH056,100.93
2024-01-17T16:00:00,USTECH057,102.46
2024-01-17T16:00:00,USTECH058,103.99
2024-01-17T16:00:00,USTECH059,105.52
2024-01-17T16:00:00,USTECH060,107.05
2024-01-17T16:00:00,USTECH061,107.95
2024-01-17T16:00:00,USTECH062,109.48
2024-01-17T16:00:00,USTECH063,110.24
2024-01-17T16:00:00,USTECH064,111.77
2024-01-17T16:00:00,USTECH065,113.30
2024-01-17T16:00:00,USTECH066,114.83
2024-01-17T16:00:00,USTECH067,116.36
2024-01-17T16:00:00,USTECH068,117.89
2024-01-17T16:00:00,USTECH069,119.42
2024-01-17T16:00:00,USTECH070,119.55
2024-01-17T16:00:00,USTECH071,121.08
2024-01-17T16:00:00,USTECH072,122.61
2024-01-17T16:00:00,USTECH073,124.14
2024-01-17T16:00:00,USTECH074,125.67
2024-01-17T16:00:00,USTECH075,127.20
2024-01-17T16:00:00,USTECH076,128.73
2024-01-17T16:00:00,USTECH077,129.49
2024-01-17T16:00:00,USTECH078,131.02
2024-01-17T16:00:00,USTECH079,131.92
2024-01-17T16:00:00,USTECH080,133.45
2024-01-17T16:00:00,USTECH081,134.98
2024-01-17T16:00:00,USTECH082,136.51
2024-01-17T16:00:00,USTECH083,138.04
2024-01-17T16:00:00,USTECH084,138.80
2024-01-17T16:00:00,USTECH085,140.33
2024-01-17T16:00:00,USTECH086,141.86
2024-01-17T16:00:00,USTECH087,143.39
2024-01-17T16:00:00,USTECH088,144.29
2024-01-17T16:00:00,USTECH089,145.82
2024-01-17T16:00:00,USTECH090,147.35
2024-01-17T16:00:00,USTECH091,148.11
2024-01-17T16:00:00,USTECH092,149.64
2024-01-17T16:00:00,USTECH093,151.17
2024-01-17T16:00:00,USTECH094,152.70
2024-01-17T16:00:00,USTECH095,154.23
2024-01-17T16:00:00,USTECH096,155.76
2024-01-17T16:00:00,USTECH097,156.66
2024-01-17T16:00:00,USTECH098,157.42
2024-01-17T16:00:00,USTECH099,158.95
2024-01-17T16:00:00,USTECH100,160.48
2024-01-18T16:00:00,USTECH001,26.83
2024-01-18T16:00:00,USTECH002,28.37
2024-01-18T16:00:00,USTECH003,29.91
2024-01-18T16:00:00,USTECH004,31.45
2024-01-18T16:00:00,USTECH005,32.99
2024-01-18T16:00:00,USTECH006,33.90
2024-01-18T16:00:00,USTECH007,34.60
2024-01-18T16:00:00,USTECH008,36.14
2024-01-18T16:00:00,USTECH009,37.68
2024-01-18T16:00:00,USTECH010,39.22
2024-01-18T16:00:00,USTECH011,40.76
2024-01-18T16:00:00,USTECH012,42.30
2024-01-18T16:00:00,USTECH013,43.84
2024-01-18T16:00:00,USTECH014,44.54
2024-01-18T16:00:00,USTECH015,45.45
2024-01-18T16:00:00,USTECH016,46.99
2024-01-18T16:00:00,USTECH017,48.53
2024-01-18T16:00:00,USTECH018,50.07
2024-01-18T16:00:00,USTECH019,51.61
2024-01-18T16:00:00,USTECH020,53.15
2024-01-18T16:00:00,USTECH021,53.85
2024-01-18T16:00:00,USTECH022,55.39
2024-01-18T16:00:00,USTECH023,56.93
2024-01-18T16:00:00,USTECH024,57.84
2024-01-18T16:00:00,USTECH025,59.38
2024-01-18T16:00:00,USTECH026,60.92
2024-01-18T16:00:00,USTECH027,62.46
2024-01-18T16:00:00,USTECH028,63.16
2024-01-18T16:00:00,USTECH029,64.70
2024-01-18T16:00:00,USTECH030,66.24
2024-01-18T16:00:00,USTECH031,67.78
2024-01-18T16:00:00,USTECH032,69.32
2024-01-18T16:00:00,USTECH033,70.23
2024-01-18T16:00:00,USTECH034,71.77
2024-01-18T16:00:00,USTECH035,72.47
2024-01-18T16:00:00,USTECH036,74.01
2024-01-18T16:00:00,USTECH037,75.55
2024-01-18T16:00:00,USTECH038,77.09
2024-01-18T16:00:00,USTECH039,78.63
2024-01-18T16:00:00,USTECH040,80.17
2024-01-18T16:00:00,USTECH041,81.71
2024-01-18T16:00:00,USTECH042,81.78
2024-01-18T16:00:00,USTECH043,83.32
2024-01-18T16:00:00,USTECH044,84.86
2024-01-18T16:00:00,USTECH045,86.40
2024-01-18T16:00:00,USTECH046,87.94
2024-01-18T16:00:00,USTECH047,89.48
2024-01-18T16:00:00,USTECH048,91.02
2024-01-18T16:00:00,USTECH049,91.72
2024-01-18T16:00:00,USTECH050,93.26
2024-01-18T16:00:00,USTECH051,94.17
2024-01-18T16:00:00,USTECH052,95.71
2024-01-18T16:00:00,USTECH053,97.25
2024-01-18T16:00:00,USTECH054,98.79
2024-01-18T16:00:00,USTECH055,100.33
2024-01-18T16:00:00,USTECH056,101.03
2024-01-18T16:00:00,USTECH057,102.57
2024-01-18T16:00:00,USTECH058,104.11
2024-01-18T16:00:00,USTECH059,105.65
2024-01-18T16:00:00,USTECH060,106.56
2024-01-18T16:00:00,USTECH061,108.10
2024-01-18T16:00:00,USTECH062,109.64
2024-01-18T16:00:00,USTECH063,110.34
2024-01-18T16:00:00,USTECH064,111.88
2024-01-18T16:00:00,USTECH065,113.42
2024-01-18T16:00:00,USTECH066,114.96
2024-01-18T16:00:00,USTECH067,116.50
2024-01-18T16:00:00,USTECH068,118.04
2024-01-18T16:00:00,USTECH069,118.95
2024-01-18T16:00:00,USTECH070,119.65
2024-01-18T16:00:00,USTECH071,121.19
2024-01-18T16:00:00,USTECH072,122.73
2024-01-18T16:00:00,USTECH073,124.27
2024-01-18T16:00:00,USTECH074,125.81
2024-01-18T16:00:00,USTECH075,127.35
2024-01-18T16:00:00,USTECH076,128.89
2024-01-18T16:00:00,USTECH077,129.59
2024-01-18T16:00:00,USTECH078,130.50
2024-01-18T16:00:00,USTECH079,132.04
2024-01-18T16:00:00,USTECH080,133.58
2024-01-18T16:00:00,USTECH081,135.12
2024-01-18T16:00:00,USTECH082,136.66
2024-01-18T16:00:00,USTECH083,138.20
2024-01-18T16:00:00,USTECH084,138.90
2024-01-18T16:00:00,USTECH085,140.44
2024-01-18T16:00:00,USTECH086,141.98
2024-01-18T16:00:00,USTECH087,142.89
2024-01-18T16:00:00,USTECH088,144.43
2024-01-18T16:00:00,USTECH089,145.97
2024-01-18T16:00:00,USTECH090,147.51
2024-01-18T16:00:00,USTECH091,148.21
2024-01-18T16:00:00,USTECH092,149.75
2024-01-18T16:00:00,USTECH093,151.29
2024-01-18T16:00:00,USTECH094,152.83
2024-01-18T16:00:00,USTECH095,154.37
2024-01-18T16:00:00,USTECH096,155.28
2024-01-18T16:00:00,USTECH097,156.82
2024-01-18T16:00:00,USTECH098,157.52
2024-01-18T16:00:00,USTECH099,159.06
2024-01-18T16:00:00,USTECH100,160.60
2024-01-19T16:00:00,USTECH001,26.94
2024-01-19T16:00:00,USTECH002,28.49
2024-01-19T16:00:00,USTECH003,30.04
2024-01-19T16:00:00,USTECH004,31.59
2024-01-19T16:00:00,USTECH005,32.51
2024-01-19T16:00:00,USTECH006,34.06
2024-01-19T16:00:00,USTECH007,34.70
2024-01-19T16:00:00,USTECH008,36.25
2024-01-19T16:00:00,USTECH009,37.80
2024-01-19T16:00:00,USTECH010,39.35
2024-01-19T16:00:00,USTECH011,40.90
2024-01-19T16:00:00,USTECH012,42.45
2024-01-19T16:00:00,USTECH013,44.00
2024-01-19T16:00:00,USTECH014,44.01
2024-01-19T16:00:00,USTECH015,45.56
2024-01-19T16:00:00,USTECH016,47.11
2024-01-19T16:00:00,USTECH017,48.66
2024-01-19T16:00:00,USTECH018,50.21
2024-01-19T16:00:00,USTECH019,51.76
2024-01-19T16:00:00,USTECH020,53.31
2024-01-19T16:00:00,USTECH021,53.95
2024-01-19T16:00:00,USTECH022,55.50
2024-01-19T16:00:00,USTECH023,56.42
2024-01-19T16:00:00,USTECH024,57.97
2024-01-19T16:00:00,USTECH025,59.52
2024-01-19T16:00:00,USTECH026,61.07
2024-01-19T16:00:00,USTECH027,62.62
2024-01-19T16:00:00,USTECH028,63.26
2024-01-19T16:00:00,USTECH029,64.81
2024-01-19T16:00:00,USTECH030,66.36
2024-01-19T16:00:00,USTECH031,67.91
2024-01-19T16:00:00,USTECH032,68.83
2024-01-19T16:00:00,USTECH033,70.38
2024-01-19T16:00:00,USTECH034,71.93
2024-01-19T16:00:00,USTECH035,72.57
2024-01-19T16:00:00,USTECH036,74.12
2024-01-19T16:00:00,USTECH037,75.67
2024-01-19T16:00:00,USTECH038,77.22
2024-01-19T16:00:00,USTECH039,78.77
2024-01-19T16:00:00,USTECH040,80.32
2024-01-19T16:00:00,USTECH041,81.24
2024-01-19T16:00:00,USTECH042,81.88
2024-01-19T16:00:00,USTECH043,83.43
2024-01-19T16:00:00,USTECH044,84.98
2024-01-19T16:00:00,USTECH045,86.53
2024-01-19T16:00:00,USTECH046,88.08
2024-01-19T16:00:00,USTECH047,89.63
2024-01-19T16:00:00,USTECH048,91.18
2024-01-19T16:00:00,USTECH049,91.82
2024-01-19T16:00:00,USTECH050,92.74
2024-01-19T16:00:00,USTECH051,94.29
2024-01-19T16:00:00,USTECH052,95.84
2024-01-19T16:00:00,USTECH053,97.39
2024-01-19T16:00:00,USTECH054,98.94
2024-01-19T16:00:00,USTECH055,100.49
2024-01-19T16:00:00,USTECH056,101.13
2024-01-19T16:00:00,USTECH057,102.68
2024-01-19T16:00:00,USTECH058,104.23
2024-01-19T16:00:00,USTECH059,105.15
2024-01-19T16:00:00,USTECH060,106.70
2024-01-19T16:00:00,USTECH061,108.25
2024-01-19T16:00:00,USTECH062,109.80
2024-01-19T16:00:00,USTECH063,110.44
2024-01-19T16:00:00,USTECH064,111.99
2024-01-19T16:00:00,USTECH065,113.54
2024-01-19T16:00:00,USTECH066,115.09
2024-01-19T16:00:00,USTECH067,116.64
2024-01-19T16:00:00,USTECH068,117.56
2024-01-19T16:00:00,USTECH069,119.11
2024-01-19T16:00:00,USTECH070,119.75
2024-01-19T16:00:00,USTECH071,121.30
2024-01-19T16:00:00,USTECH072,122.85
2024-01-19T16:00:00,USTECH073,124.40
2024-01-19T16:00:00,USTECH074,125.95
2024-01-19T16:00:00,USTECH075,127.50
2024-01-19T16:00:00,USTECH076,129.05
2024-01-19T16:00:00,USTECH077,129.06
2024-01-19T16:00:00,USTECH078,130.61
2024-01-19T16:00:00,USTECH079,132.16
2024-01-19T16:00:00,USTECH080,133.71
2024-01-19T16:00:00,USTECH081,135.26
2024-01-19T16:00:00,USTECH082,136.81
2024-01-19T16:00:00,USTECH083,138.36
2024-01-19T16:00:00,USTECH084,139.00
2024-01-19T16:00:00,USTECH085,140.55
2024-01-19T16:00:00,USTECH086,141.47
2024-01-19T16:00:00,USTECH087,143.02
2024-01-19T16:00:00,USTECH088,144.57
2024-01-19T16:00:00,USTECH089,146.12
2024-01-19T16:00:00,USTECH090,147.67
2024-01-19T16:00:00,USTECH091,148.31
2024-01-19T16:00:00,USTECH092,149.86
2024-01-19T16:00:00,USTECH093,151.41
2024-01-19T16:00:00,USTECH094,152.96
2024-01-19T16:00:00,USTECH095,153.88
2024-01-19T16:00:00,USTECH096,155.43
2024-01-19T16:00:00,USTECH097,156.98
2024-01-19T16:00:00,USTECH098,157.62
2024-01-19T16:00:00,USTECH099,159.17
2024-01-19T16:00:00,USTECH100,160.72
2024-01-22T16:00:00,USTECH001,27.05
2024-01-22T16:00:00,USTECH002,28.61
2024-01-22T16:00:00,USTECH003,30.17
2024-01-22T16:00:00,USTECH004,31.10
2024-01-22T16:00:00,USTECH005,32.66
2024-01-22T16:00:00,USTECH006,34.22
2024-01-22T16:00:00,USTECH007,34.80
2024-01-22T16:00:00,USTECH008,36.36
2024-01-22T16:00:00,USTECH009,37.92
2024-01-22T16:00:00,USTECH010,39.48
2024-01-22T16:00:00,USTECH011,41.04
2024-01-22T16:00:00,USTECH012,42.60
2024-01-22T16:00:00,USTECH013,43.53
2024-01-22T16:00:00,USTECH014,44.11
2024-01-22T16:00:00,USTECH015,45.67
2024-01-22T16:00:00,USTECH016,47.23
2024-01-22T16:00:00,USTECH017,48.79
2024-01-22T16:00:00,USTECH018,50.35
2024-01-22T16:00:00,USTECH019,51.91
2024-01-22T16:00:00,USTECH020,53.47
2024-01-22T16:00:00,USTECH021,54.05
2024-01-22T16:00:00,USTECH022,54.98
2024-01-22T16:00:00,USTECH023,56.54
2024-01-22T16:00:00,USTECH024,58.10
2024-01-22T16:00:00,USTECH025,59.66
2024-01-22T16:00:00,USTECH026,61.22
2024-01-22T16:00:00,USTECH027,62.78
2024-01-22T16:00:00,USTECH028,63.36
2024-01-22T16:00:00,USTECH029,64.92
2024-01-22T16:00:00,USTECH030,66.48
2024-01-22T16:00:00,USTECH031,67.41
2024-01-22T16:00:00,USTECH032,68.97
2024-01-22T16:00:00,USTECH033,70.53
2024-01-22T16:00:00,USTECH034,72.09
2024-01-22T16:00:00,USTECH035,72.67
2024-01-22T16:00:00,USTECH036,74.23
2024-01-22T16:00:00,USTECH037,75.79
2024-01-22T16:00:00,USTECH038,77.35
2024-01-22T16:00:00,USTECH039,78.91
2024-01-22T16:00:00,USTECH040,79.84
2024-01-22T16:00:00,USTECH041,81.40
2024-01-22T16:00:00,USTECH042,81.98
2024-01-22T16:00:00,USTECH043,83.54
2024-01-22T16:00:00,USTECH044,85.10
2024-01-22T16:00:00,USTECH045,86.66
2024-01-22T16:00:00,USTECH046,88.22
2024-01-22T16:00:00,USTECH047,89.78
2024-01-22T16:00:00,USTECH048,91.34
2024-01-22T16:00:00,USTECH049,91.29
2024-01-22T16:00:00,USTECH050,92.85
2024-01-22T16:00:00,USTECH051,94.41
2024-01-22T16:00:00,USTECH052,95.97
2024-01-22T16:00:00,USTECH053,97.53
2024-01-22T16:00:00,USTECH054,99.09
2024-01-22T16:00:00,USTECH055,100.65
2024-01-22T16:00:00,USTECH056,101.23
2024-01-22T16:00:00,USTECH057,102.79
2024-01-22T16:00:00,USTECH058,103.72
2024-01-22T16:00:00,USTECH059,105.28
2024-01-22T16:00:00,USTECH060,106.84
2024-01-22T16:00:00,USTECH061,108.40
2024-01-22T16:00:00,USTECH062,109.96
2024-01-22T16:00:00,USTECH063,110.54
2024-01-22T16:00:00,USTECH064,112.10
2024-01-22T16:00:00,USTECH065,113.66
2024-01-22T16:00:00,USTECH066,115.22
2024-01-22T16:00:00,USTECH067,116.15
2024-01-22T16:00:00,USTECH068,117.71
2024-01-22T16:00:00,USTECH069,119.27
2024-01-22T16:00:00,USTECH070,119.85
2024-01-22T16:00:00,USTECH071,121.41
2024-01-22T16:00:00,USTECH072,122.97
2024-01-22T16:00:00,USTECH073,124.53
2024-01-22T16:00:00,USTECH074,126.09
2024-01-22T16:00:00,USTECH075,127.65
2024-01-22T16:00:00,USTECH076,128.58
2024-01-22T16:00:00,USTECH077,129.16
2024-01-22T16:00:00,USTECH078,130.72
2024-01-22T16:00:00,USTECH079,132.28
2024-01-22T16:00:00,USTECH080,133.84
2024-01-22T16:00:00,USTECH081,135.40
2024-01-22T16:00:00,USTECH082,136.96
2024-01-22T16:00:00,USTECH083,138.52
2024-01-22T16:00:00,USTECH084,139.10
2024-01-22T16:00:00,USTECH085,140.03
2024-01-22T16:00:00,USTECH086,141.59
2024-01-22T16:00:00,USTECH087,143.15
2024-01-22T16:00:00,USTECH088,144.71
2024-01-22T16:00:00,USTECH089,146.27
2024-01-22T16:00:00,USTECH090,147.83
2024-01-22T16:00:00,USTECH091,148.41
2024-01-22T16:00:00,USTECH092,149.97
2024-01-22T16:00:00,USTECH093,151.53
2024-01-22T16:00:00,USTECH094,152.46
2024-01-22T16:00:00,USTECH095,154.02
2024-01-22T16:00:00,USTECH096,155.58
2024-01-22T16:00:00,USTECH097,157.14
2024-01-22T16:00:00,USTECH098,157.72
2024-01-22T16:00:00,USTECH099,159.28
2024-01-22T16:00:00,USTECH100,160.84
2024-01-23T16:00:00,USTECH001,27.16
2024-01-23T16:00:00,USTECH002,28.73
2024-01-23T16:00:00,USTECH003,29.67
2024-01-23T16:00:00,USTECH004,31.24
2024-01-23T16:00:00,USTECH005,32.81
2024-01-23T16:00:00,USTECH006,34.38
2024-01-23T16:00:00,USTECH007,34.90
2024-01-23T16:00:00,USTECH008,36.47
2024-01-23T16:00:00,USTECH009,38.04
2024-01-23T16:00:00,USTECH010,39.61
2024-01-23T16:00:00,USTECH011,41.18
2024-01-23T16:00:00,USTECH012,42.12
2024-01-23T16:00:00,USTECH013,43.69
2024-01-23T16:00:00,USTECH014,44.21
2024-01-23T16:00:00,USTECH015,45.78
2024-01-23T16:00:00,USTECH016,47.35
2024-01-23T16:00:00,USTECH017,48.92
2024-01-23T16:00:00,USTECH018,50.49
2024-01-23T16:00:00,USTECH019,52.06
2024-01-23T16:00:00,USTECH020,53.63
2024-01-23T16:00:00,USTECH021,53.52
2024-01-23T16:00:00,USTECH022,55.09
2024-01-23T16:00:00,USTECH023,56.66
2024-01-23T16:00:00,USTECH024,58.23
2024-01-23T16:00:00,USTECH025,59.80
2024-01-23T16:00:00,USTECH026,61.37
2024-01-23T16:00:00,USTECH027,62.94
2024-01-23T16:00:00,USTECH028,63.46
2024-01-23T16:00:00,USTECH029,65.03
2024-01-23T16:00:00,USTECH030,65.97
2024-01-23T16:00:00,USTECH031,67.54
2024-01-23T16:00:00,USTECH032,69.11
2024-01-23T16:00:00,USTECH033,70.68
2024-01-23T16:00:00,USTECH034,72.25
2024-01-23T16:00:00,USTECH035,72.77
2024-01-23T16:00:00,USTECH036,74.34
2024-01-23T16:00:00,USTECH037,75.91
2024-01-23T16:00:00,USTECH038,77.48
2024-01-23T16:00:00,USTECH039,78.42
2024-01-23T16:00:00,USTECH040,79.99
2024-01-23T16:00:00,USTECH041,81.56
2024-01-23T16:00:00,USTECH042,82.08
2024-01-23T16:00:00,USTECH043,83.65
2024-01-23T16:00:00,USTECH044,85.22
2024-01-23T16:00:00,USTECH045,86.79
2024-01-23T16:00:00,USTECH046,88.36
2024-01-23T16:00:00,USTECH047,89.93
2024-01-23T16:00:00,USTECH048,90.87
2024-01-23T16:00:00,USTECH049,91.39
2024-01-23T16:00:00,USTECH050,92.96
2024-01-23T16:00:00,USTECH051,94.53
2024-01-23T16:00:00,USTECH052,96.10
2024-01-23T16:00:00,USTECH053,97.67
2024-01-23T16:00:00,USTECH054,99.24
2024-01-23T16:00:00,USTECH055,100.81
2024-01-23T16:00:00,USTECH056,101.33
2024-01-23T16:00:00,USTECH057,102.27
2024-01-23T16:00:00,USTECH058,103.84
2024-01-23T16:00:00,USTECH059,105.41
2024-01-23T16:00:00,USTECH060,106.98
2024-01-23T16:00:00,USTECH061,108.55
2024-01-23T16:00:00,USTECH062,110.12
2024-01-23T16:00:00,USTECH063,110.64
2024-01-23T16:00:00,USTECH064,112.21
2024-01-23T16:00:00,USTECH065,113.78
2024-01-23T16:00:00,USTECH066,114.72
2024-01-23T16:00:00,USTECH067,116.29
2024-01-23T16:00:00,USTECH068,117.86
2024-01-23T16:00:00,USTECH069,119.43
2024-01-23T16:00:00,USTECH070,119.95
2024-01-23T16:00:00,USTECH071,121.52
2024-01-23T16:00:00,USTECH072,123.09
2024-01-23T16:00:00,USTECH073,124.66
2024-01-23T16:00:00,USTECH074,126.23
2024-01-23T16:00:00,USTECH075,127.17
2024-01-23T16:00:00,USTECH076,128.74
2024-01-23T16:00:00,USTECH077,129.26
2024-01-23T16:00:00,USTECH078,130.83
2024-01-23T16:00:00,USTECH079,132.40
2024-01-23T16:00:00,USTECH080,133.97
2024-01-23T16:00:00,USTECH081,135.54
2024-01-23T16:00:00,USTECH082,137.11
2024-01-23T16:00:00,USTECH083,138.68
2024-01-23T16:00:00,USTECH084,138.57
2024-01-23T16:00:00,USTECH085,140.14
2024-01-23T16:00:00,USTECH086,141.71
2024-01-23T16:00:00,USTECH087,143.28
2024-01-23T16:00:00,USTECH088,144.85
2024-01-23T16:00:00,USTECH089,146.42
2024-01-23T16:00:00,USTECH090,147.99
2024-01-23T16:00:00,USTECH091,148.51
2024-01-23T16:00:00,USTECH092,150.08
2024-01-23T16:00:00,USTECH093,151.02
2024-01-23T16:00:00,USTECH094,152.59
2024-01-23T16:00:00,USTECH095,154.16
2024-01-23T16:00:00,USTECH096,155.73
2024-01-23T16:00:00,USTECH097,157.30
2024-01-23T16:00:00,USTECH098,157.82
2024-01-23T16:00:00,USTECH099,159.39
2024-01-23T16:00:00,USTECH100,160.96
2024-01-24T16:00:00,USTECH001,27.27
2024-01-24T16:00:00,USTECH002,28.22
2024-01-24T16:00:00,USTECH003,29.80
2024-01-24T16:00:00,USTECH004,31.38
2024-01-24T16:00:00,USTECH005,32.96
2024-01-24T16:00:00,USTECH006,34.54
2024-01-24T16:00:00,USTECH007,35.00
2024-01-24T16:00:00,USTECH008,36.58
2024-01-24T16:00:00,USTECH009,38.16
2024-01-24T16:00:00,USTECH010,39.74
2024-01-24T16:00:00,USTECH011,40.69
2024-01-24T16:00:00,USTECH012,42.27
2024-01-24T16:00:00,USTECH013,43.85
2024-01-24T16:00:00,USTECH014,44.31
2024-01-24T16:00:00,USTECH015,45.89
2024-01-24T16:00:00,USTECH016,47.47
2024-01-24T16:00:00,USTECH017,49.05
2024-01-24T16:00:00,USTECH018,50.63
2024-01-24T16:00:00,USTECH019,52.21
2024-01-24T16:00:00,USTECH020,53.16
2024-01-24T16:00:00,USTECH021,53.62
2024-01-24T16:00:00,USTECH022,55.20
2024-01-24T16:00:00,USTECH023,56.78
2024-01-24T16:00:00,USTECH024,58.36
2024-01-24T16:00:00,USTECH025,59.94
2024-01-24T16:00:00,USTECH026,61.52
2024-01-24T16:00:00,USTECH027,63.10
2024-01-24T16:00:00,USTECH028,63.56
2024-01-24T16:00:00,USTECH029,64.51
2024-01-24T16:00:00,USTECH030,66.09
2024-01-24T16:00:00,USTECH031,67.67
2024-01-24T16:00:00,USTECH032,69.25
2024-01-24T16:00:00,USTECH033,70.83
2024-01-24T16:00:00,USTECH034,72.41
2024-01-24T16:00:00,USTECH035,72.87
2024-01-24T16:00:00,USTECH036,74.45
2024-01-24T16:00:00,USTECH037,76.03
2024-01-24T16:00:00,USTECH038,76.98
2024-01-24T16:00:00,USTECH039,78.56
2024-01-24T16:00:00,USTECH040,80.14
2024-01-24T16:00:00,USTECH041,81.72
2024-01-24T16:00:00,USTECH042,82.18
2024-01-24T16:00:00,USTECH043,83.76
2024-01-24T16:00:00,USTECH044,85.34
2024-01-24T16:00:00,USTECH045,86.92
2024-01-24T16:00:00,USTECH046,88.50
2024-01-24T16:00:00,USTECH047,89.45
2024-01-24T16:00:00,USTECH048,91.03
2024-01-24T16:00:00,USTECH049,91.49
2024-01-24T16:00:00,USTECH050,93.07
2024-01-24T16:00:00,USTECH051,94.65
2024-01-24T16:00:00,USTECH052,96.23
2024-01-24T16:00:00,USTECH053,97.81
2024-01-24T16:00:00,USTECH054,99.39
2024-01-24T16:00:00,USTECH055,100.97
2024-01-24T16:00:00,USTECH056,100.80
2024-01-24T16:00:00,USTECH057,102.38
2024-01-24T16:00:00,USTECH058,103.96
2024-01-24T16:00:00,USTECH059,105.54
2024-01-24T16:00:00,USTECH060,107.12
2024-01-24T16:00:00,USTECH061,108.70
2024-01-24T16:00:00,USTECH062,110.28
2024-01-24T16:00:00,USTECH063,110.74
2024-01-24T16:00:00,USTECH064,112.32
2024-01-24T16:00:00,USTECH065,113.27
2024-01-24T16:00:00,USTECH066,114.85
2024-01-24T16:00:00,USTECH067,116.43
2024-01-24T16:00:00,USTECH068,118.01
2024-01-24T16:00:00,USTECH069,119.59
2024-01-24T16:00:00,USTECH070,120.05
2024-01-24T16:00:00,USTECH071,121.63
2024-01-24T16:00:00,USTECH072,123.21
2024-01-24T16:00:00,USTECH073,124.79
2024-01-24T16:00:00,USTECH074,125.74
2024-01-24T16:00:00,USTECH075,127.32
2024-01-24T16:00:00,USTECH076,128.90
2024-01-24T16:00:00,USTECH077,129.36
2024-01-24T16:00:00,USTECH078,130.94
2024-01-24T16:00:00,USTECH079,132.52
2024-01-24T16:00:00,USTECH080,134.10
2024-01-24T16:00:00,USTECH081,135.68
2024-01-24T16:00:00,USTECH082,137.26
2024-01-24T16:00:00,USTECH083,138.21
2024-01-24T16:00:00,USTECH084,138.67
2024-01-24T16:00:00,USTECH085,140.25
2024-01-24T16:00:00,USTECH086,141.83
2024-01-24T16:00:00,USTECH087,143.41
2024-01-24T16:00:00,USTECH088,144.99
2024-01-24T16:00:00,USTECH089,146.57
2024-01-24T16:00:00,USTECH090,148.15
2024-01-24T16:00:00,USTECH091,148.61
2024-01-24T16:00:00,USTECH092,149.56
2024-01-24T16:00:00,USTECH093,151.14
2024-01-24T16:00:00,USTECH094,152.72
2024-01-24T16:00:00,USTECH095,154.30
2024-01-24T16:00:00,USTECH096,155.88
2024-01-24T16:00:00,USTECH097,157.46
2024-01-24T16:00:00,USTECH098,157.92
2024-01-24T16:00:00,USTECH099,159.50
2024-01-24T16:00:00,USTECH100,161.08
2024-01-25T16:00:00,USTECH001,26.75
2024-01-25T16:00:00,USTECH002,28.34
2024-01-25T16:00:00,USTECH003,29.93
2024-01-25T16:00:00,USTECH004,31.52
2024-01-25T16:00:00,USTECH005,33.11
2024-01-25T16:00:00,USTECH006,34.70
2024-01-25T16:00:00,USTECH007,35.10
2024-01-25T16:00:00,USTECH008,36.69
2024-01-25T16:00:00,USTECH009,38.28
2024-01-25T16:00:00,USTECH010,39.24
2024-01-25T16:00:00,USTECH011,40.83
2024-01-25T16:00:00,USTECH012,42.42
2024-01-25T16:00:00,USTECH013,44.01
2024-01-25T16:00:00,USTECH014,44.41
2024-01-25T16:00:00,USTECH015,46.00
2024-01-25T16:00:00,USTECH016,47.59
2024-01-25T16:00:00,USTECH017,49.18
2024-01-25T16:00:00,USTECH018,50.77
2024-01-25T16:00:00,USTECH019,51.73
2024-01-25T16:00:00,USTECH020,53.32
2024-01-25T16:00:00,USTECH021,53.72
2024-01-25T16:00:00,USTECH022,55.31
2024-01-25T16:00:00,USTECH023,56.90
2024-01-25T16:00:00,USTECH024,58.49
2024-01-25T16:00:00,USTECH025,60.08
2024-01-25T16:00:00,USTECH026,61.67
2024-01-25T16:00:00,USTECH027,63.26
2024-01-25T16:00:00,USTECH028,63.03
2024-01-25T16:00:00,USTECH029,64.62
2024-01-25T16:00:00,USTECH030,66.21
2024-01-25T16:00:00,USTECH031,67.80
2024-01-25T16:00:00,USTECH032,69.39
2024-01-25T16:00:00,USTECH033,70.98
2024-01-25T16:00:00,USTECH034,72.57
2024-01-25T16:00:00,USTECH035,72.97
2024-01-25T16:00:00,USTECH036,74.56
2024-01-25T16:00:00,USTECH037,75.52
2024-01-25T16:00:00,USTECH038,77.11
2024-01-25T16:00:00,USTECH039,78.70
2024-01-25T16:00:00,USTECH040,80.29
2024-01-25T16:00:00,USTECH041,81.88
2024-01-25T16:00:00,USTECH042,82.28
2024-01-25T16:00:00,USTECH043,83.87
2024-01-25T16:00:00,USTECH044,85.46
2024-01-25T16:00:00,USTECH045,87.05
2024-01-25T16:00:00,USTECH046,88.01
2024-01-25T16:00:00,USTECH047,89.60
2024-01-25T16:00:00,USTECH048,91.19
2024-01-25T16:00:00,USTECH049,91.59
2024-01-25T16:00:00,USTECH050,93.18
2024-01-25T16:00:00,USTECH051,94.77
2024-01-25T16:00:00,USTECH052,96.36
2024-01-25T16:00:00,USTECH053,97.95
2024-01-25T16:00:00,USTECH054,99.54
2024-01-25T16:00:00,USTECH055,100.50
2024-01-25T16:00:00,USTECH056,100.90
2024-01-25T16:00:00,USTECH057,102.49
2024-01-25T16:00:00,USTECH058,104.08
2024-01-25T16:00:00,USTECH059,105.67
2024-01-25T16:00:00,USTECH060,107.26
2024-01-25T16:00:00,USTECH061,108.85
2024-01-25T16:00:00,USTECH062,110.44
2024-01-25T16:00:00,USTECH063,110.84
2024-01-25T16:00:00,USTECH064,111.80
2024-01-25T16:00:00,USTECH065,113.39
2024-01-25T16:00:00,USTECH066,114.98
2024-01-25T16:00:00,USTECH067,116.57
2024-01-25T16:00:00,USTECH068,118.16
2024-01-25T16:00:00,USTECH069,119.75
2024-01-25T16:00:00,USTECH070,120.15
2024-01-25T16:00:00,USTECH071,121.74
2024-01-25T16:00:00,USTECH072,123.33
2024-01-25T16:00:00,USTECH073,124.29
2024-01-25T16:00:00,USTECH074,125.88
2024-01-25T16:00:00,USTECH075,127.47
2024-01-25T16:00:00,USTECH076,129.06
2024-01-25T16:00:00,USTECH077,129.46
2024-01-25T16:00:00,USTECH078,131.05
2024-01-25T16:00:00,USTECH079,132.64
2024-01-25T16:00:00,USTECH080,134.23
2024-01-25T16:00:00,USTECH081,135.82
2024-01-25T16:00:00,USTECH082,136.78
2024-01-25T16:00:00,USTECH083,138.37
2024-01-25T16:00:00,USTECH084,138.77
2024-01-25T16:00:00,USTECH085,140.36
2024-01-25T16:00:00,USTECH086,141.95
2024-01-25T16:00:00,USTECH087,143.54
2024-01-25T16:00:00,USTECH088,145.13
2024-01-25T16:00:00,USTECH089,146.72
2024-01-25T16:00:00,USTECH090,148.31
2024-01-25T16:00:00,USTECH091,148.08
2024-01-25T16:00:00,USTECH092,149.67
2024-01-25T16:00:00,USTECH093,151.26
2024-01-25T16:00:00,USTECH094,152.85
2024-01-25T16:00:00,USTECH095,154.44
2024-01-25T16:00:00,USTECH096,156.03
2024-01-25T16:00:00,USTECH097,157.62
2024-01-25T16:00:00,USTECH098,158.02
2024-01-25T16:00:00,USTECH099,159.61
2024-01-25T16:00:00,USTECH100,160.57
2024-01-26T16:00:00,USTECH001,26.86
2024-01-26T16:00:00,USTECH002,28.46
2024-01-26T16:00:00,USTECH003,30.06
2024-01-26T16:00:00,USTECH004,31.66
2024-01-26T16:00:00,USTECH005,33.26
2024-01-26T16:00:00,USTECH006,34.86
2024-01-26T16:00:00,USTECH007,35.20
2024-01-26T16:00:00,USTECH008,36.80
2024-01-26T16:00:00,USTECH009,37.77
2024-01-26T16:00:00,USTECH010,39.37
2024-01-26T16:00:00,USTECH011,40.97
2024-01-26T16:00:00,USTECH012,42.57
2024-01-26T16:00:00,USTECH013,44.17
2024-01-26T16:00:00,USTECH014,44.51
2024-01-26T16:00:00,USTECH015,46.11
2024-01-26T16:00:00,USTECH016,47.71
2024-01-26T16:00:00,USTECH017,49.31
2024-01-26T16:00:00,USTECH018,50.28
2024-01-26T16:00:00,USTECH019,51.88
2024-01-26T16:00:00,USTECH020,53.48
2024-01-26T16:00:00,USTECH021,53.82
2024-01-26T16:00:00,USTECH022,55.42
2024-01-26T16:00:00,USTECH023,57.02
2024-01-26T16:00:00,USTECH024,58.62
2024-01-26T16:00:00,USTECH025,60.22
2024-01-26T16:00:00,USTECH026,61.82
2024-01-26T16:00:00,USTECH027,62.79
2024-01-26T16:00:00,USTECH028,63.13
2024-01-26T16:00:00,USTECH029,64.73
2024-01-26T16:00:00,USTECH030,66.33
2024-01-26T16:00:00,USTECH031,67.93
2024-01-26T16:00:00,USTECH032,69.53
2024-01-26T16:00:00,USTECH033,71.13
2024-01-26T16:00:00,USTECH034,72.73
2024-01-26T16:00:00,USTECH035,73.07
2024-01-26T16:00:00,USTECH036,74.04
2024-01-26T16:00:00,USTECH037,75.64
2024-01-26T16:00:00,USTECH038,77.24
2024-01-26T16:00:00,USTECH039,78.84
2024-01-26T16:00:00,USTECH040,80.44
2024-01-26T16:00:00,USTECH041,82.04
2024-01-26T16:00:00,USTECH042,82.38
2024-01-26T16:00:00,USTECH043,83.98
2024-01-26T16:00:00,USTECH044,85.58
2024-01-26T16:00:00,USTECH045,86.55
2024-01-26T16:00:00,USTECH046,88.15
2024-01-26T16:00:00,USTECH047,89.75
2024-01-26T16:00:00,USTECH048,91.35
2024-01-26T16:00:00,USTECH049,91.69
2024-01-26T16:00:00,USTECH050,93.29
2024-01-26T16:00:00,USTECH051,94.89
2024-01-26T16:00:00,USTECH052,96.49
2024-01-26T16:00:00,USTECH053,98.09
2024-01-26T16:00:00,USTECH054,99.06
2024-01-26T16:00:00,USTECH055,100.66
2024-01-26T16:00:00,USTECH056,101.00
2024-01-26T16:00:00,USTECH057,102.60
2024-01-26T16:00:00,USTECH058,104.20
2024-01-26T16:00:00,USTECH059,105.80
2024-01-26T16:00:00,USTECH060,107.40
2024-01-26T16:00:00,USTECH061,109.00
2024-01-26T16:00:00,USTECH062,110.60
2024-01-26T16:00:00,USTECH063,110.31
2024-01-26T16:00:00,USTECH064,111.91
2024-01-26T16:00:00,USTECH065,113.51
2024-01-26T16:00:00,USTECH066,115.11
2024-01-26T16:00:00,USTECH067,116.71
2024-01-26T16:00:00,USTECH068,118.31
2024-01-26T16:00:00,USTECH069,119.91
2024-01-26T16:00:00,USTECH070,120.25
2024-01-26T16:00:00,USTECH071,121.85
2024-01-26T16:00:00,USTECH072,122.82
2024-01-26T16:00:00,USTECH073,124.42
2024-01-26T16:00:00,USTECH074,126.02
2024-01-26T16:00:00,USTECH075,127.62
2024-01-26T16:00:00,USTECH076,129.22
2024-01-26T16:00:00,USTECH077,129.56
2024-01-26T16:00:00,USTECH078,131.16
2024-01-26T16:00:00,USTECH079,132.76
2024-01-26T16:00:00,USTECH080,134.36
2024-01-26T16:00:00,USTECH081,135.33
2024-01-26T16:00:00,USTECH082,136.93
2024-01-26T16:00:00,USTECH083,138.53
2024-01-26T16:00:00,USTECH084,138.87
2024-01-26T16:00:00,USTECH085,140.47
2024-01-26T16:00:00,USTECH086,142.07
2024-01-26T16:00:00,USTECH087,143.67
2024-01-26T16:00:00,USTECH088,145.27
2024-01-26T16:00:00,USTECH089,146.87
2024-01-26T16:00:00,USTECH090,147.84
2024-01-26T16:00:00,USTECH091,148.18
2024-01-26T16:00:00,USTECH092,149.78
2024-01-26T16:00:00,USTECH093,151.38
2024-01-26T16:00:00,USTECH094,152.98
2024-01-26T16:00:00,USTECH095,154.58
2024-01-26T16:00:00,USTECH096,156.18
2024-01-26T16:00:00,USTECH097,157.78
2024-01-26T16:00:00,USTECH098,158.12
2024-01-26T16:00:00,USTECH099,159.09
2024-01-26T16:00:00,USTECH100,160.69
2024-01-29T16:00:00,USTECH001,26.97
2024-01-29T16:00:00,USTECH002,28.58
2024-01-29T16:00:00,USTECH003,30.19
2024-01-29T16:00:00,USTECH004,31.80
2024-01-29T16:00:00,USTECH005,33.41
2024-01-29T16:00:00,USTECH006,35.02
2024-01-29T16:00:00,USTECH007,35.30
2024-01-29T16:00:00,USTECH008,36.28
2024-01-29T16:00:00,USTECH009,37.89
2024-01-29T16:00:00,USTECH010,39.50
2024-01-29T16:00:00,USTECH011,41.11
2024-01-29T16:00:00,USTECH012,42.72
2024-01-29T16:00:00,USTECH013,44.33
2024-01-29T16:00:00,USTECH014,44.61
2024-01-29T16:00:00,USTECH015,46.22
2024-01-29T16:00:00,USTECH016,47.83
2024-01-29T16:00:00,USTECH017,48.81
2024-01-29T16:00:00,USTECH018,50.42
2024-01-29T16:00:00,USTECH019,52.03
2024-01-29T16:00:00,USTECH020,53.64
2024-01-29T16:00:00,USTECH021,53.92
2024-01-29T16:00:00,USTECH022,55.53
2024-01-29T16:00:00,USTECH023,57.14
2024-01-29T16:00:00,USTECH024,58.75
2024-01-29T16:00:00,USTECH025,60.36
2024-01-29T16:00:00,USTECH026,61.34
2024-01-29T16:00:00,USTECH027,62.95
2024-01-29T16:00:00,USTECH028,63.23
2024-01-29T16:00:00,USTECH029,64.84
2024-01-29T16:00:00,USTECH030,66.45
2024-01-29T16:00:00,USTECH031,68.06
2024-01-29T16:00:00,USTECH032,69.67
2024-01-29T16:00:00,USTECH033,71.28
2024-01-29T16:00:00,USTECH034,72.89
2024-01-29T16:00:00,USTECH035,72.54
2024-01-29T16:00:00,USTECH036,74.15
2024-01-29T16:00:00,USTECH037,75.76
2024-01-29T16:00:00,USTECH038,77.37
2024-01-29T16:00:00,USTECH039,78.98
2024-01-29T16:00:00,USTECH040,80.59
2024-01-29T16:00:00,USTECH041,82.20
2024-01-29T16:00:00,USTECH042,82.48
2024-01-29T16:00:00,USTECH043,84.09
2024-01-29T16:00:00,USTECH044,85.07
2024-01-29T16:00:00,USTECH045,86.68
2024-01-29T16:00:00,USTECH046,88.29
2024-01-29T16:00:00,USTECH047,89.90
2024-01-29T16:00:00,USTECH048,91.51
2024-01-29T16:00:00,USTECH049,91.79
2024-01-29T16:00:00,USTECH050,93.40
2024-01-29T16:00:00,USTECH051,95.01
2024-01-29T16:00:00,USTECH052,96.62
2024-01-29T16:00:00,USTECH053,97.60
2024-01-29T16:00:00,USTECH054,99.21
2024-01-29T16:00:00,USTECH055,100.82
2024-01-29T16:00:00,USTECH056,101.10
2024-01-29T16:00:00,USTECH057,102.71
2024-01-29T16:00:00,USTECH058,104.32
2024-01-29T16:00:00,USTECH059,105.93
2024-01-29T16:00:00,USTECH060,107.54
2024-01-29T16:00:00,USTECH061,109.15
2024-01-29T16:00:00,USTECH062,110.13
2024-01-29T16:00:00,USTECH063,110.41
2024-01-29T16:00:00,USTECH064,112.02
2024-01-29T16:00:00,USTECH065,113.63
2024-01-29T16:00:00,USTECH066,115.24
2024-01-29T16:00:00,USTECH067,116.85
2024-01-29T16:00:00,USTECH068,118.46
2024-01-29T16:00:00,USTECH069,120.07
2024-01-29T16:00:00,USTECH070,120.35
2024-01-29T16:00:00,USTECH071,121.33
2024-01-29T16:00:00,USTECH072,122.94
2024-01-29T16:00:00,USTECH073,124.55
2024-01-29T16:00:00,USTECH074,126.16
2024-01-29T16:00:00,USTECH075,127.77
2024-01-29T16:00:00,USTECH076,129.38
2024-01-29T16:00:00,USTECH077,129.66
2024-01-29T16:00:00,USTECH078,131.27
2024-01-29T16:00:00,USTECH079,132.88
2024-01-29T16:00:00,USTECH080,133.86
2024-01-29T16:00:00,USTECH081,135.47
2024-01-29T16:00:00,USTECH082,137.08
2024-01-29T16:00:00,USTECH083,138.69
2024-01-29T16:00:00,USTECH084,138.97
2024-01-29T16:00:00,USTECH085,140.58
2024-01-29T16:00:00,USTECH086,142.19
2024-01-29T16:00:00,USTECH087,143.80
2024-01-29T16:00:00,USTECH088,145.41
2024-01-29T16:00:00,USTECH089,146.39
2024-01-29T16:00:00,USTECH090,148.00
2024-01-29T16:00:00,USTECH091,148.28
2024-01-29T16:00:00,USTECH092,149.89
2024-01-29T16:00:00,USTECH093,151.50
2024-01-29T16:00:00,USTECH094,153.11
2024-01-29T16:00:00,USTECH095,154.72
2024-01-29T16:00:00,USTECH096,156.33
2024-01-29T16:00:00,USTECH097,157.94
2024-01-29T16:00:00,USTECH098,157.59
2024-01-29T16:00:00,USTECH099,159.20
2024-01-29T16:00:00,USTECH100,160.81
2024-01-30T16:00:00,USTECH001,27.08
2024-01-30T16:00:00,USTECH002,28.70
2024-01-30T16:00:00,USTECH003,30.32
2024-01-30T16:00:00,USTECH004,31.94
2024-01-30T16:00:00,USTECH005,33.56
2024-01-30T16:00:00,USTECH006,35.18
2024-01-30T16:00:00,USTECH007,34.77
2024-01-30T16:00:00,USTECH008,36.39
2024-01-30T16:00:00,USTECH009,38.01
2024-01-30T16:00:00,USTECH010,39.63
2024-01-30T16:00:00,USTECH011,41.25
2024-01-30T16:00:00,USTECH012,42.87
2024-01-30T16:00:00,USTECH013,44.49
2024-01-30T16:00:00,USTECH014,44.71
2024-01-30T16:00:00,USTECH015,46.33
2024-01-30T16:00:00,USTECH016,47.32
2024-01-30T16:00:00,USTECH017,48.94
2024-01-30T16:00:00,USTECH018,50.56
2024-01-30T16:00:00,USTECH019,52.18
2024-01-30T16:00:00,USTECH020,53.80
2024-01-30T16:00:00,USTECH021,54.02
2024-01-30T16:00:00,USTECH022,55.64
2024-01-30T16:00:00,USTECH023,57.26
2024-01-30T16:00:00,USTECH024,58.88
2024-01-30T16:00:00,USTECH025,59.87
2024-01-30T16:00:00,USTECH026,61.49
2024-01-30T16:00:00,USTECH027,63.11
2024-01-30T16:00:00,USTECH028,63.33
2024-01-30T16:00:00,USTECH029,64.95
2024-01-30T16:00:00,USTECH030,66.57
2024-01-30T16:00:00,USTECH031,68.19
2024-01-30T16:00:00,USTECH032,69.81
2024-01-30T16:00:00,USTECH033,71.43
2024-01-30T16:00:00,USTECH034,72.42
2024-01-30T16:00:00,USTECH035,72.64
2024-01-30T16:00:00,USTECH036,74.26
2024-01-30T16:00:00,USTECH037,75.88
2024-01-30T16:00:00,USTECH038,77.50
2024-01-30T16:00:00,USTECH039,79.12
2024-01-30T16:00:00,USTECH040,80.74
2024-01-30T16:00:00,USTECH041,82.36
2024-01-30T16:00:00,USTECH042,82.58
2024-01-30T16:00:00,USTECH043,83.57
2024-01-30T16:00:00,USTECH044,85.19
2024-01-30T16:00:00,USTECH045,86.81
2024-01-30T16:00:00,USTECH046,88.43
2024-01-30T16:00:00,USTECH047,90.05
2024-01-30T16:00:00,USTECH048,91.67
2024-01-30T16:00:00,USTECH049,91.89
2024-01-30T16:00:00,USTECH050,93.51
2024-01-30T16:00:00,USTECH051,95.13
2024-01-30T16:00:00,USTECH052,96.12
2024-01-30T16:00:00,USTECH053,97.74
2024-01-30T16:00:00,USTECH054,99.36
2024-01-30T16:00:00,USTECH055,100.98
2024-01-30T16:00:00,USTECH056,101.20
2024-01-30T16:00:00,USTECH057,102.82
2024-01-30T16:00:00,USTECH058,104.44
2024-01-30T16:00:00,USTECH059,106.06
2024-01-30T16:00:00,USTECH060,107.68
2024-01-30T16:00:00,USTECH061,108.67
2024-01-30T16:00:00,USTECH062,110.29
2024-01-30T16:00:00,USTECH063,110.51
2024-01-30T16:00:00,USTECH064,112.13
2024-01-30T16:00:00,USTECH065,113.75
2024-01-30T16:00:00,USTECH066,115.37
2024-01-30T16:00:00,USTECH067,116.99
2024-01-30T16:00:00,USTECH068,118.61
2024-01-30T16:00:00,USTECH069,120.23
2024-01-30T16:00:00,USTECH070,119.82
2024-01-30T16:00:00,USTECH071,121.44
2024-01-30T16:00:00,USTECH072,123.06
2024-01-30T16:00:00,USTECH073,124.68
2024-01-30T16:00:00,USTECH074,126.30
2024-01-30T16:00:00,USTECH075,127.92
2024-01-30T16:00:00,USTECH076,129.54
2024-01-30T16:00:00,USTECH077,129.76
2024-01-30T16:00:00,USTECH078,131.38
2024-01-30T16:00:00,USTECH079,132.37
2024-01-30T16:00:00,USTECH080,133.99
2024-01-30T16:00:00,USTECH081,135.61
2024-01-30T16:00:00,USTECH082,137.23
2024-01-30T16:00:00,USTECH083,138.85
2024-01-30T16:00:00,USTECH084,139.07
2024-01-30T16:00:00,USTECH085,140.69
2024-01-30T16:00:00,USTECH086,142.31
2024-01-30T16:00:00,USTECH087,143.93
2024-01-30T16:00:00,USTECH088,144.92
2024-01-30T16:00:00,USTECH089,146.54
2024-01-30T16:00:00,USTECH090,148.16
2024-01-30T16:00:00,USTECH091,148.38
2024-01-30T16:00:00,USTECH092,150.00
2024-01-30T16:00:00,USTECH093,151.62
2024-01-30T16:00:00,USTECH094,153.24
2024-01-30T16:00:00,USTECH095,154.86
2024-01-30T16:00:00,USTECH096,156.48
2024-01-30T16:00:00,USTECH097,157.47
2024-01-30T16:00:00,USTECH098,157.69
2024-01-30T16:00:00,USTECH099,159.31
2024-01-30T16:00:00,USTECH100,160.93
2024-01-31T16:00:00,USTECH001,27.19
2024-01-31T16:00:00,USTECH002,28.82
2024-01-31T16:00:00,USTECH003,30.45
2024-01-31T16:00:00,USTECH004,32.08
2024-01-31T16:00:00,USTECH005,33.71
2024-01-31T16:00:00,USTECH006,34.71
2024-01-31T16:00:00,USTECH007,34.87
2024-01-31T16:00:00,USTECH008,36.50
2024-01-31T16:00:00,USTECH009,38.13
2024-01-31T16:00:00,USTECH010,39.76
2024-01-31T16:00:00,USTECH011,41.39
2024-01-31T16:00:00,USTECH012,43.02
2024-01-31T16:00:00,USTECH013,44.65
2024-01-31T16:00:00,USTECH014,44.81
2024-01-31T16:00:00,USTECH015,45.81
2024-01-31T16:00:00,USTECH016,47.44
2024-01-31T16:00:00,USTECH017,49.07
2024-01-31T16:00:00,USTECH018,50.70
2024-01-31T16:00:00,USTECH019,52.33
2024-01-31T16:00:00,USTECH020,53.96
2024-01-31T16:00:00,USTECH021,54.12
2024-01-31T16:00:00,USTECH022,55.75
2024-01-31T16:00:00,USTECH023,57.38
2024-01-31T16:00:00,USTECH024,58.38
2024-01-31T16:00:00,USTECH025,60.01
2024-01-31T16:00:00,USTECH026,61.64
2024-01-31T16:00:00,USTECH027,63.27
2024-01-31T16:00:00,USTECH028,63.43
2024-01-31T16:00:00,USTECH029,65.06
2024-01-31T16:00:00,USTECH030,66.69
2024-01-31T16:00:00,USTECH031,68.32
2024-01-31T16:00:00,USTECH032,69.95
2024-01-31T16:00:00,USTECH033,70.95
2024-01-31T16:00:00,USTECH034,72.58
2024-01-31T16:00:00,USTECH035,72.74
2024-01-31T16:00:00,USTECH036,74.37
2024-01-31T16:00:00,USTECH037,76.00
2024-01-31T16:00:00,USTECH038,77.63
2024-01-31T16:00:00,USTECH039,79.26
2024-01-31T16:00:00,USTECH040,80.89
2024-01-31T16:00:00,USTECH041,82.52
2024-01-31T16:00:00,USTECH042,82.05
2024-01-31T16:00:00,USTECH043,83.68
2024-01-31T16:00:00,USTECH044,85.31
2024-01-31T16:00:00,USTECH045,86.94
2024-01-31T16:00:00,USTECH046,88.57
2024-01-31T16:00:00,USTECH047,90.20
2024-01-31T16:00:00,USTECH048,91.83
2024-01-31T16:00:00,USTECH049,91.99
2024-01-31T16:00:00,USTECH050,93.62
2024-01-31T16:00:00,USTECH051,94.62
2024-01-31T16:00:00,USTECH052,96.25
2024-01-31T16:00:00,USTECH053,97.88
2024-01-31T16:00:00,USTECH054,99.51
2024-01-31T16:00:00,USTECH055,101.14
2024-01-31T16:00:00,USTECH056,101.30
2024-01-31T16:00:00,USTECH057,102.93
2024-01-31T16:00:00,USTECH058,104.56
2024-01-31T16:00:00,USTECH059,106.19
2024-01-31T16:00:00,USTECH060,107.19
2024-01-31T16:00:00,USTECH061,108.82
2024-01-31T16:00:00,USTECH062,110.45
2024-01-31T16:00:00,USTECH063,110.61
2024-01-31T16:00:00,USTECH064,112.24
2024-01-31T16:00:00,USTECH065,113.87
2024-01-31T16:00:00,USTECH066,115.50
2024-01-31T16:00:00,USTECH067,117.13
2024-01-31T16:00:00,USTECH068,118.76
2024-01-31T16:00:00,USTECH069,119.76
2024-01-31T16:00:00,USTECH070,119.92
2024-01-31T16:00:00,USTECH071,121.55
2024-01-31T16:00:00,USTECH072,123.18
2024-01-31T16:00:00,USTECH073,124.81
2024-01-31T16:00:00,USTECH074,126.44
2024-01-31T16:00:00,USTECH075,128.07
2024-01-31T16:00:00,USTECH076,129.70
2024-01-31T16:00:00,USTECH077,129.86
2024-01-31T16:00:00,USTECH078,130.86
2024-01-31T16:00:00,USTECH079,132.49
2024-01-31T16:00:00,USTECH080,134.12
2024-01-31T16:00:00,USTECH081,135.75
2024-01-31T16:00:00,USTECH082,137.38
2024-01-31T16:00:00,USTECH083,139.01
2024-01-31T16:00:00,USTECH084,139.17
2024-01-31T16:00:00,USTECH085,140.80
2024-01-31T16:00:00,USTECH086,142.43
2024-01-31T16:00:00,USTECH087,143.43
2024-01-31T16:00:00,USTECH088,145.06
2024-01-31T16:00:00,USTECH089,146.69
2024-01-31T16:00:00,USTECH090,148.32
2024-01-31T16:00:00,USTECH091,148.48
2024-01-31T16:00:00,USTECH092,150.11
2024-01-31T16:00:00,USTECH093,151.74
2024-01-31T16:00:00,USTECH094,153.37
2024-01-31T16:00:00,USTECH095,155.00
2024-01-31T16:00:00,USTECH096,156.00
2024-01-31T16:00:00,USTECH097,157.63
2024-01-31T16:00:00,USTECH098,157.79
2024-01-31T16:00:00,USTECH099,159.42
2024-01-31T16:00:00,USTECH100,161.05
2024-02-01T16:00:00,USTECH001,27.30
2024-02-01T16:00:00,USTECH002,28.94
2024-02-01T16:00:00,USTECH003,30.58
2024-02-01T16:00:00,USTECH004,32.22
2024-02-01T16:00:00,USTECH005,33.23
2024-02-01T16:00:00,USTECH006,34.87
2024-02-01T16:00:00,USTECH007,34.97
2024-02-01T16:00:00,USTECH008,36.61
2024-02-01T16:00:00,USTECH009,38.25
2024-02-01T16:00:00,USTECH010,39.89
2024-02-01T16:00:00,USTECH011,41.53
2024-02-01T16:00:00,USTECH012,43.17
2024-02-01T16:00:00,USTECH013,44.81
2024-02-01T16:00:00,USTECH014,44.28
2024-02-01T16:00:00,USTECH015,45.92
2024-02-01T16:00:00,USTECH016,47.56
2024-02-01T16:00:00,USTECH017,49.20
2024-02-01T16:00:00,USTECH018,50.84
2024-02-01T16:00:00,USTECH019,52.48
2024-02-01T16:00:00,USTECH020,54.12
2024-02-01T16:00:00,USTECH021,54.22
2024-02-01T16:00:00,USTECH022,55.86
2024-02-01T16:00:00,USTECH023,56.87
2024-02-01T16:00:00,USTECH024,58.51
2024-02-01T16:00:00,USTECH025,60.15
2024-02-01T16:00:00,USTECH026,61.79
2024-02-01T16:00:00,USTECH027,63.43
2024-02-01T16:00:00,USTECH028,63.53
2024-02-01T16:00:00,USTECH029,65.17
2024-02-01T16:00:00,USTECH030,66.81
2024-02-01T16:00:00,USTECH031,68.45
2024-02-01T16:00:00,USTECH032,69.46
2024-02-01T16:00:00,USTECH033,71.10
2024-02-01T16:00:00,USTECH034,72.74
2024-02-01T16:00:00,USTECH035,72.84
2024-02-01T16:00:00,USTECH036,74.48
2024-02-01T16:00:00,USTECH037,76.12
2024-02-01T16:00:00,USTECH038,77.76
2024-02-01T16:00:00,USTECH039,79.40
2024-02-01T16:00:00,USTECH040,81.04
2024-02-01T16:00:00,USTECH041,82.05
2024-02-01T16:00:00,USTECH042,82.15
2024-02-01T16:00:00,USTECH043,83.79
2024-02-01T16:00:00,USTECH044,85.43
2024-02-01T16:00:00,USTECH045,87.07
2024-02-01T16:00:00,USTECH046,88.71
2024-02-01T16:00:00,USTECH047,90.35
2024-02-01T16:00:00,USTECH048,91.99
2024-02-01T16:00:00,USTECH049,92.09
2024-02-01T16:00:00,USTECH050,93.10
2024-02-01T16:00:00,USTECH051,94.74
2024-02-01T16:00:00,USTECH052,96.38
2024-02-01T16:00:00,USTECH053,98.02
2024-02-01T16:00:00,USTECH054,99.66
2024-02-01T16:00:00,USTECH055,101.30
2024-02-01T16:00:00,USTECH056,101.40
2024-02-01T16:00:00,USTECH057,103.04
2024-02-01T16:00:00,USTECH058,104.68
2024-02-01T16:00:00,USTECH059,105.69
2024-02-01T16:00:00,USTECH060,107.33
2024-02-01T16:00:00,USTECH061,108.97
2024-02-01T16:00:00,USTECH062,110.61
2024-02-01T16:00:00,USTECH063,110.71
2024-02-01T16:00:00,USTECH064,112.35
2024-02-01T16:00:00,USTECH065,113.99
2024-02-01T16:00:00,USTECH066,115.63
2024-02-01T16:00:00,USTECH067,117.27
2024-02-01T16:00:00,USTECH068,118.28
2024-02-01T16:00:00,USTECH069,119.92
2024-02-01T16:00:00,USTECH070,120.02
2024-02-01T16:00:00,USTECH071,121.66
2024-02-01T16:00:00,USTECH072,123.30
2024-02-01T16:00:00,USTECH073,124.94
2024-02-01T16:00:00,USTECH074,126.58
2024-02-01T16:00:00,USTECH075,128.22
2024-02-01T16:00:00,USTECH076,129.86
2024-02-01T16:00:00,USTECH077,129.33
2024-02-01T16:00:00,USTECH078,130.97
2024-02-01T16:00:00,USTECH079,132.61
2024-02-01T16:00:00,USTECH080,134.25
2024-02-01T16:00:00,USTECH081,135.89
2024-02-01T16:00:00,USTECH082,137.53
2024-02-01T16:00:00,USTECH083,139.17
2024-02-01T16:00:00,USTECH084,139.27
2024-02-01T16:00:00,USTECH085,140.91
2024-02-01T16:00:00,USTECH086,141.92
2024-02-01T16:00:00,USTECH087,143.56
2024-02-01T16:00:00,USTECH088,145.20
2024-02-01T16:00:00,USTECH089,146.84
2024-02-01T16:00:00,USTECH090,148.48
2024-02-01T16:00:00,USTECH091,148.58
2024-02-01T16:00:00,USTECH092,150.22
2024-02-01T16:00:00,USTECH093,151.86
2024-02-01T16:00:00,USTECH094,153.50
2024-02-01T16:00:00,USTECH095,154.51
2024-02-01T16:00:00,USTECH096,156.15
2024-02-01T16:00:00,USTECH097,157.79
2024-02-01T16:00:00,USTECH098,157.89
2024-02-01T16:00:00,USTECH099,159.53
2024-02-01T16:00:00,USTECH100,161.17
2024-02-02T16:00:00,USTECH001,27.41
2024-02-02T16:00:00,USTECH002,29.06
2024-02-02T16:00:00,USTECH003,30.71
2024-02-02T16:00:00,USTECH004,31.73
2024-02-02T16:00:00,USTECH005,33.38
2024-02-02T16:00:00,USTECH006,35.03
2024-02-02T16:00:00,USTECH007,35.07
2024-02-02T16:00:00,USTECH008,36.72
2024-02-02T16:00:00,USTECH009,38.37
2024-02-02T16:00:00,USTECH010,40.02
2024-02-02T16:00:00,USTECH011,41.67
2024-02-02T16:00:00,USTECH012,43.32
2024-02-02T16:00:00,USTECH013,44.34
2024-02-02T16:00:00,USTECH014,44.38
2024-02-02T16:00:00,USTECH015,46.03
2024-02-02T16:00:00,USTECH016,47.68
2024-02-02T16:00:00,USTECH017,49.33
2024-02-02T16:00:00,USTECH018,50.98
2024-02-02T16:00:00,USTECH019,52.63
2024-02-02T16:00:00,USTECH020,54.28
2024-02-02T16:00:00,USTECH021,54.32
2024-02-02T16:00:00,USTECH022,55.34
2024-02-02T16:00:00,USTECH023,56.99
2024-02-02T16:00:00,USTECH024,58.64
2024-02-02T16:00:00,USTECH025,60.29
2024-02-02T16:00:00,USTECH026,61.94
2024-02-02T16:00:00,USTECH027,63.59
2024-02-02T16:00:00,USTECH028,63.63
2024-02-02T16:00:00,USTECH029,65.28
2024-02-02T16:00:00,USTECH030,66.93
2024-02-02T16:00:00,USTECH031,67.95
2024-02-02T16:00:00,USTECH032,69.60
2024-02-02T16:00:00,USTECH033,71.25
2024-02-02T16:00:00,USTECH034,72.90
2024-02-02T16:00:00,USTECH035,72.94
2024-02-02T16:00:00,USTECH036,74.59
2024-02-02T16:00:00,USTECH037,76.24
2024-02-02T16:00:00,USTECH038,77.89
2024-02-02T16:00:00,USTECH039,79.54
2024-02-02T16:00:00,USTECH040,80.56
2024-02-02T16:00:00,USTECH041,82.21
2024-02-02T16:00:00,USTECH042,82.25
2024-02-02T16:00:00,USTECH043,83.90
2024-02-02T16:00:00,USTECH044,85.55
2024-02-02T16:00:00,USTECH045,87.20
2024-02-02T16:00:00,USTECH046,88.85
2024-02-02T16:00:00,USTECH047,90.50
2024-02-02T16:00:00,USTECH048,92.15
2024-02-02T16:00:00,USTECH049,91.56
2024-02-02T16:00:00,USTECH050,93.21
2024-02-02T16:00:00,USTECH051,94.86
2024-02-02T16:00:00,USTECH052,96.51
2024-02-02T16:00:00,USTECH053,98.16
2024-02-02T16:00:00,USTECH054,99.81
2024-02-02T16:00:00,USTECH055,101.46
2024-02-02T16:00:00,USTECH056,101.50
2024-02-02T16:00:00,USTECH057,103.15
2024-02-02T16:00:00,USTECH058,104.17
2024-02-02T16:00:00,USTECH059,105.82
2024-02-02T16:00:00,USTECH060,107.47
2024-02-02T16:00:00,USTECH061,109.12
2024-02-02T16:00:00,USTECH062,110.77
2024-02-02T16:00:00,USTECH063,110.81
2024-02-02T16:00:00,USTECH064,112.46
2024-02-02T16:00:00,USTECH065,114.11
2024-02-02T16:00:00,USTECH066,115.76
2024-02-02T16:00:00,USTECH067,116.78
2024-02-02T16:00:00,USTECH068,118.43
2024-02-02T16:00:00,USTECH069,120.08
2024-02-02T16:00:00,USTECH070,120.12
2024-02-02T16:00:00,USTECH071,121.77
2024-02-02T16:00:00,USTECH072,123.42
2024-02-02T16:00:00,USTECH073,125.07
2024-02-02T16:00:00,USTECH074,126.72
2024-02-02T16:00:00,USTECH075,128.37
2024-02-02T16:00:00,USTECH076,129.39
2024-02-02T16:00:00,USTECH077,129.43
2024-02-02T16:00:00,USTECH078,131.08
2024-02-02T16:00:00,USTECH079,132.73
2024-02-02T16:00:00,USTECH080,134.38
2024-02-02T16:00:00,USTECH081,136.03
2024-02-02T16:00:00,USTECH082,137.68
2024-02-02T16:00:00,USTECH083,139.33
2024-02-02T16:00:00,USTECH084,139.37
2024-02-02T16:00:00,USTECH085,140.39
2024-02-02T16:00:00,USTECH086,142.04
2024-02-02T16:00:00,USTECH087,143.69
2024-02-02T16:00:00,USTECH088,145.34
2024-02-02T16:00:00,USTECH089,146.99
2024-02-02T16:00:00,USTECH090,148.64
2024-02-02T16:00:00,USTECH091,148.68
2024-02-02T16:00:00,USTECH092,150.33
2024-02-02T16:00:00,USTECH093,151.98
2024-02-02T16:00:00,USTECH094,153.00
2024-02-02T16:00:00,USTECH095,154.65
2024-02-02T16:00:00,USTECH096,156.30
2024-02-02T16:00:00,USTECH097,157.95
2024-02-02T16:00:00,USTECH098,157.99
2024-02-02T16:00:00,USTECH099,159.64
2024-02-02T16:00:00,USTECH100,161.29
2024-02-05T16:00:00,USTECH001,27.52
2024-02-05T16:00:00,USTECH002,29.18
2024-02-05T16:00:00,USTECH003,30.21
2024-02-05T16:00:00,USTECH004,31.87
2024-02-05T16:00:00,USTECH005,33.53
2024-02-05T16:00:00,USTECH006,35.19
2024-02-05T16:00:00,USTECH007,35.17
2024-02-05T16:00:00,USTECH008,36.83
2024-02-05T16:00:00,USTECH009,38.49
2024-02-05T16:00:00,USTECH010,40.15
2024-02-05T16:00:00,USTECH011,41.81
2024-02-05T16:00:00,USTECH012,42.84
2024-02-05T16:00:00,USTECH013,44.50
2024-02-05T16:00:00,USTECH014,44.48
2024-02-05T16:00:00,USTECH015,46.14
2024-02-05T16:00:00,USTECH016,47.80
2024-02-05T16:00:00,USTECH017,49.46
2024-02-05T16:00:00,USTECH018,51.12
2024-02-05T16:00:00,USTECH019,52.78
2024-02-05T16:00:00,USTECH020,54.44
2024-02-05T16:00:00,USTECH021,53.79
2024-02-05T16:00:00,USTECH022,55.45
2024-02-05T16:00:00,USTECH023,57.11
2024-02-05T16:00:00,USTECH024,58.77
2024-02-05T16:00:00,USTECH025,60.43
2024-02-05T16:00:00,USTECH026,62.09
2024-02-05T16:00:00,USTECH027,63.75
2024-02-05T16:00:00,USTECH028,63.73
2024-02-05T16:00:00,USTECH029,65.39
2024-02-05T16:00:00,USTECH030,66.42
2024-02-05T16:00:00,USTECH031,68.08
2024-02-05T16:00:00,USTECH032,69.74
2024-02-05T16:00:00,USTECH033,71.40
2024-02-05T16:00:00,USTECH034,73.06
2024-02-05T16:00:00,USTECH035,73.04
2024-02-05T16:00:00,USTECH036,74.70
2024-02-05T16:00:00,USTECH037,76.36
2024-02-05T16:00:00,USTECH038,78.02
2024-02-05T16:00:00,USTECH039,79.05
2024-02-05T16:00:00,USTECH040,80.71
2024-02-05T16:00:00,USTECH041,82.37
2024-02-05T16:00:00,USTECH042,82.35
2024-02-05T16:00:00,USTECH043,84.01
2024-02-05T16:00:00,USTECH044,85.67
2024-02-05T16:00:00,USTECH045,87.33
2024-02-05T16:00:00,USTECH046,88.99
2024-02-05T16:00:00,USTECH047,90.65
2024-02-05T16:00:00,USTECH048,91.68
2024-02-05T16:00:00,USTECH049,91.66
2024-02-05T16:00:00,USTECH050,93.32
2024-02-05T16:00:00,USTECH051,94.98
2024-02-05T16:00:00,USTECH052,96.64
2024-02-05T16:00:00,USTECH053,98.30
2024-02-05T16:00:00,USTECH054,99.96
2024-02-05T16:00:00,USTECH055,101.62
2024-02-05T16:00:00,USTECH056,101.60
2024-02-05T16:00:00,USTECH057,102.63
2024-02-05T16:00:00,USTECH058,104.29
2024-02-05T16:00:00,USTECH059,105.95
2024-02-05T16:00:00,USTECH060,107.61
2024-02-05T16:00:00,USTECH061,109.27
2024-02-05T16:00:00,USTECH062,110.93
2024-02-05T16:00:00,USTECH063,110.91
2024-02-05T16:00:00,USTECH064,112.57
2024-02-05T16:00:00,USTECH065,114.23
2024-02-05T16:00:00,USTECH066,115.26
2024-02-05T16:00:00,USTECH067,116.92
2024-02-05T16:00:00,USTECH068,118.58
2024-02-05T16:00:00,USTECH069,120.24
2024-02-05T16:00:00,USTECH070,120.22
2024-02-05T16:00:00,USTECH071,121.88
2024-02-05T16:00:00,USTECH072,123.54
2024-02-05T16:00:00,USTECH073,125.20
2024-02-05T16:00:00,USTECH074,126.86
2024-02-05T16:00:00,USTECH075,127.89
2024-02-05T16:00:00,USTECH076,129.55
2024-02-05T16:00:00,USTECH077,129.53
2024-02-05T16:00:00,USTECH078,131.19
2024-02-05T16:00:00,USTECH079,132.85
2024-02-05T16:00:00,USTECH080,134.51
2024-02-05T16:00:00,USTECH081,136.17
2024-02-05T16:00:00,USTECH082,137.83
2024-02-05T16:00:00,USTECH083,139.49
2024-02-05T16:00:00,USTECH084,138.84
2024-02-05T16:00:00,USTECH085,140.50
2024-02-05T16:00:00,USTECH086,142.16
2024-02-05T16:00:00,USTECH087,143.82
2024-02-05T16:00:00,USTECH088,145.48
2024-02-05T16:00:00,USTECH089,147.14
2024-02-05T16:00:00,USTECH090,148.80
2024-02-05T16:00:00,USTECH091,148.78
2024-02-05T16:00:00,USTECH092,150.44
2024-02-05T16:00:00,USTECH093,151.47
2024-02-05T16:00:00,USTECH094,153.13
2024-02-05T16:00:00,USTECH095,154.79
2024-02-05T16:00:00,USTECH096,156.45
2024-02-05T16:00:00,USTECH097,158.11
2024-02-05T16:00:00,USTECH098,158.09
2024-02-05T16:00:00,USTECH099,159.75
2024-02-05T16:00:00,USTECH100,161.41
2024-02-06T16:00:00,USTECH001,27.63
2024-02-06T16:00:00,USTECH002,28.67
2024-02-06T16:00:00,USTECH003,30.34
2024-02-06T16:00:00,USTECH004,32.01
2024-02-06T16:00:00,USTECH005,33.68
2024-02-06T16:00:00,USTECH006,35.35
2024-02-06T16:00:00,USTECH007,35.27
2024-02-06T16:00:00,USTECH008,36.94
2024-02-06T16:00:00,USTECH009,38.61
2024-02-06T16:00:00,USTECH010,40.28
2024-02-06T16:00:00,USTECH011,41.32
2024-02-06T16:00:00,USTECH012,42.99
2024-02-06T16:00:00,USTECH013,44.66
2024-02-06T16:00:00,USTECH014,44.58
2024-02-06T16:00:00,USTECH015,46.25
2024-02-06T16:00:00,USTECH016,47.92
2024-02-06T16:00:00,USTECH017,49.59
2024-02-06T16:00:00,USTECH018,51.26
2024-02-06T16:00:00,USTECH019,52.93
2024-02-06T16:00:00,USTECH020,53.97
2024-02-06T16:00:00,USTECH021,53.89
2024-02-06T16:00:00,USTECH022,55.56
2024-02-06T16:00:00,USTECH023,57.23
2024-02-06T16:00:00,USTECH024,58.90
2024-02-06T16:00:00,USTECH025,60.57
2024-02-06T16:00:00,USTECH026,62.24
2024-02-06T16:00:00,USTECH027,63.91
2024-02-06T16:00:00,USTECH028,63.83
2024-02-06T16:00:00,USTECH029,64.87
2024-02-06T16:00:00,USTECH030,66.54
2024-02-06T16:00:00,USTECH031,68.21
2024-02-06T16:00:00,USTECH032,69.88
2024-02-06T16:00:00,USTECH033,71.55
2024-02-06T16:00:00,USTECH034,73.22
2024-02-06T16:00:00,USTECH035,73.14
2024-02-06T16:00:00,USTECH036,74.81
2024-02-06T16:00:00,USTECH037,76.48
2024-02-06T16:00:00,USTECH038,77.52
2024-02-06T16:00:00,USTECH039,79.19
2024-02-06T16:00:00,USTECH040,80.86
2024-02-06T16:00:00,USTECH041,82.53
2024-02-06T16:00:00,USTECH042,82.45
2024-02-06T16:00:00,USTECH043,84.12
2024-02-06T16:00:00,USTECH044,85.79
2024-02-06T16:00:00,USTECH045,87.46
2024-02-06T16:00:00,USTECH046,89.13
2024-02-06T16:00:00,USTECH047,90.17
2024-02-06T16:00:00,USTECH048,91.84
2024-02-06T16:00:00,USTECH049,91.76
2024-02-06T16:00:00,USTECH050,93.43
2024-02-06T16:00:00,USTECH051,95.10
2024-02-06T16:00:00,USTECH052,96.77
2024-02-06T16:00:00,USTECH053,98.44
2024-02-06T16:00:00,USTECH054,100.11
2024-02-06T16:00:00,USTECH055,101.78
2024-02-06T16:00:00,USTECH056,101.07
2024-02-06T16:00:00,USTECH057,102.74
2024-02-06T16:00:00,USTECH058,104.41
2024-02-06T16:00:00,USTECH059,106.08
2024-02-06T16:00:00,USTECH060,107.75
2024-02-06T16:00:00,USTECH061,109.42
2024-02-06T16:00:00,USTECH062,111.09
2024-02-06T16:00:00,USTECH063,111.01
2024-02-06T16:00:00,USTECH064,112.68
2024-02-06T16:00:00,USTECH065,113.72
2024-02-06T16:00:00,USTECH066,115.39
2024-02-06T16:00:00,USTECH067,117.06
2024-02-06T16:00:00,USTECH068,118.73
2024-02-06T16:00:00,USTECH069,120.40
2024-02-06T16:00:00,USTECH070,120.32
2024-02-06T16:00:00,USTECH071,121.99
2024-02-06T16:00:00,USTECH072,123.66
2024-02-06T16:00:00,USTECH073,125.33
2024-02-06T16:00:00,USTECH074,126.37
2024-02-06T16:00:00,USTECH075,128.04
2024-02-06T16:00:00,USTECH076,129.71
2024-02-06T16:00:00,USTECH077,129.63
2024-02-06T16:00:00,USTECH078,131.30
2024-02-06T16:00:00,USTECH079,132.97
2024-02-06T16:00:00,USTECH080,134.64
2024-02-06T16:00:00,USTECH081,136.31
2024-02-06T16:00:00,USTECH082,137.98
2024-02-06T16:00:00,USTECH083,139.02
2024-02-06T16:00:00,USTECH084,138.94
2024-02-06T16:00:00,USTECH085,140.61
2024-02-06T16:00:00,USTECH086,142.28
2024-02-06T16:00:00,USTECH087,143.95
2024-02-06T16:00:00,USTECH088,145.62
2024-02-06T16:00:00,USTECH089,147.29
2024-02-06T16:00:00,USTECH090,148.96
2024-02-06T16:00:00,USTECH091,148.88
2024-02-06T16:00:00,USTECH092,149.92
2024-02-06T16:00:00,USTECH093,151.59
2024-02-06T16:00:00,USTECH094,153.26
2024-02-06T16:00:00,USTECH095,154.93
2024-02-06T16:00:00,USTECH096,156.60
2024-02-06T16:00:00,USTECH097,158.27
2024-02-06T16:00:00,USTECH098,158.19
2024-02-06T16:00:00,USTECH099,159.86
2024-02-06T16:00:00,USTECH100,161.53
2024-02-07T16:00:00,USTECH001,27.11
2024-02-07T16:00:00,USTECH002,28.79
2024-02-07T16:00:00,USTECH003,30.47
2024-02-07T16:00:00,USTECH004,32.15
2024-02-07T16:00:00,USTECH005,33.83
2024-02-07T16:00:00,USTECH006,35.51
2024-02-07T16:00:00,USTECH007,35.37
2024-02-07T16:00:00,USTECH008,37.05
2024-02-07T16:00:00,USTECH009,38.73
2024-02-07T16:00:00,USTECH010,39.78
2024-02-07T16:00:00,USTECH011,41.46
2024-02-07T16:00:00,USTECH012,43.14
2024-02-07T16:00:00,USTECH013,44.82
2024-02-07T16:00:00,USTECH014,44.68
2024-02-07T16:00:00,USTECH015,46.36
2024-02-07T16:00:00,USTECH016,48.04
2024-02-07T16:00:00,USTECH017,49.72
2024-02-07T16:00:00,USTECH018,51.40
2024-02-07T16:00:00,USTECH019,52.45
2024-02-07T16:00:00,USTECH020,54.13
2024-02-07T16:00:00,USTECH021,53.99
2024-02-07T16:00:00,USTECH022,55.67
2024-02-07T16:00:00,USTECH023,57.35
2024-02-07T16:00:00,USTECH024,59.03
2024-02-07T16:00:00,USTECH025,60.71
2024-02-07T16:00:00,USTECH026,62.39
2024-02-07T16:00:00,USTECH027,64.07
2024-02-07T16:00:00,USTECH028,63.30
2024-02-07T16:00:00,USTECH029,64.98
2024-02-07T16:00:00,USTECH030,66.66
2024-02-07T16:00:00,USTECH031,68.34
2024-02-07T16:00:00,USTECH032,70.02
2024-02-07T16:00:00,USTECH033,71.70
2024-02-07T16:00:00,USTECH034,73.38
2024-02-07T16:00:00,USTECH035,73.24
2024-02-07T16:00:00,USTECH036,74.92
2024-02-07T16:00:00,USTECH037,75.97
2024-02-07T16:00:00,USTECH038,77.65
2024-02-07T16:00:00,USTECH039,79.33
2024-02-07T16:00:00,USTECH040,81.01
2024-02-07T16:00:00,USTECH041,82.69
2024-02-07T16:00:00,USTECH042,82.55
2024-02-07T16:00:00,USTECH043,84.23
2024-02-07T16:00:00,USTECH044,85.91
2024-02-07T16:00:00,USTECH045,87.59
2024-02-07T16:00:00,USTECH046,88.64
2024-02-07T16:00:00,USTECH047,90.32
2024-02-07T16:00:00,USTECH048,92.00
2024-02-07T16:00:00,USTECH049,91.86
2024-02-07T16:00:00,USTECH050,93.54
2024-02-07T16:00:00,USTECH051,95.22
2024-02-07T16:00:00,USTECH052,96.90
2024-02-07T16:00:00,USTECH053,98.58
2024-02-07T16:00:00,USTECH054,100.26
2024-02-07T16:00:00,USTECH055,101.31
2024-02-07T16:00:00,USTECH056,101.17
2024-02-07T16:00:00,USTECH057,102.85
2024-02-07T16:00:00,USTECH058,104.53
2024-02-07T16:00:00,USTECH059,106.21
2024-02-07T16:00:00,USTECH060,107.89
2024-02-07T16:00:00,USTECH061,109.57
2024-02-07T16:00:00,USTECH062,111.25
2024-02-07T16:00:00,USTECH063,111.11
2024-02-07T16:00:00,USTECH064,112.16
2024-02-07T16:00:00,USTECH065,113.84
2024-02-07T16:00:00,USTECH066,115.52
2024-02-07T16:00:00,USTECH067,117.20
2024-02-07T16:00:00,USTECH068,118.88
2024-02-07T16:00:00,USTECH069,120.56
2024-02-07T16:00:00,USTECH070,120.42
2024-02-07T16:00:00,USTECH071,122.10
2024-02-07T16:00:00,USTECH072,123.78
2024-02-07T16:00:00,USTECH073,124.83
2024-02-07T16:00:00,USTECH074,126.51
2024-02-07T16:00:00,USTECH075,128.19
2024-02-07T16:00:00,USTECH076,129.87
2024-02-07T16:00:00,USTECH077,129.73
2024-02-07T16:00:00,USTECH078,131.41
2024-02-07T16:00:00,USTECH079,133.09
2024-02-07T16:00:00,USTECH080,134.77
2024-02-07T16:00:00,USTECH081,136.45
2024-02-07T16:00:00,USTECH082,137.50
2024-02-07T16:00:00,USTECH083,139.18
2024-02-07T16:00:00,USTECH084,139.04
2024-02-07T16:00:00,USTECH085,140.72
2024-02-07T16:00:00,USTECH086,142.40
2024-02-07T16:00:00,USTECH087,144.08
2024-02-07T16:00:00,USTECH088,145.76
2024-02-07T16:00:00,USTECH089,147.44
2024-02-07T16:00:00,USTECH090,149.12
2024-02-07T16:00:00,USTECH091,148.35
2024-02-07T16:00:00,USTECH092,150.03
2024-02-07T16:00:00,USTECH093,151.71
2024-02-07T16:00:00,USTECH094,153.39
2024-02-07T16:00:00,USTECH095,155.07
2024-02-07T16:00:00,USTECH096,156.75
2024-02-07T16:00:00,USTECH097,158.43
2024-02-07T16:00:00,USTECH098,158.29
2024-02-07T16:00:00,USTECH099,159.97
2024-02-07T16:00:00,USTECH100,161.02
2024-02-08T16:00:00,USTECH001,27.22
2024-02-08T16:00:00,USTECH002,28.91
2024-02-08T16:00:00,USTECH003,30.60
2024-02-08T16:00:00,USTECH004,32.29
2024-02-08T16:00:00,USTECH005,33.98
2024-02-08T16:00:00,USTECH006,35.67
2024-02-08T16:00:00,USTECH007,35.47
2024-02-08T16:00:00,USTECH008,37.16
2024-02-08T16:00:00,USTECH009,38.22
2024-02-08T16:00:00,USTECH010,39.91
2024-02-08T16:00:00,USTECH011,41.60
2024-02-08T16:00:00,USTECH012,43.29
2024-02-08T16:00:00,USTECH013,44.98
2024-02-08T16:00:00,USTECH014,44.78
2024-02-08T16:00:00,USTECH015,46.47
2024-02-08T16:00:00,USTECH016,48.16
2024-02-08T16:00:00,USTECH017,49.85
2024-02-08T16:00:00,USTECH018,50.91
2024-02-08T16:00:00,USTECH019,52.60
2024-02-08T16:00:00,USTECH020,54.29
2024-02-08T16:00:00,USTECH021,54.09
2024-02-08T16:00:00,USTECH022,55.78
2024-02-08T16:00:00,USTECH023,57.47
2024-02-08T16:00:00,USTECH024,59.16
2024-02-08T16:00:00,USTECH025,60.85
2024-02-08T16:00:00,USTECH026,62.54
2024-02-08T16:00:00,USTECH027,63.60
2024-02-08T16:00:00,USTECH028,63.40
2024-02-08T16:00:00,USTECH029,65.09
2024-02-08T16:00:00,USTECH030,66.78
2024-02-08T16:00:00,USTECH031,68.47
2024-02-08T16:00:00,USTECH032,70.16
2024-02-08T16:00:00,USTECH033,71.85
2024-02-08T16:00:00,USTECH034,73.54
2024-02-08T16:00:00,USTECH035,73.34
2024-02-08T16:00:00,USTECH036,74.40
2024-02-08T16:00:00,USTECH037,76.09
2024-02-08T16:00:00,USTECH038,77.78
2024-02-08T16:00:00,USTECH039,79.47
2024-02-08T16:00:00,USTECH040,81.16
2024-02-08T16:00:00,USTECH041,82.85
2024-02-08T16:00:00,USTECH042,82.65
2024-02-08T16:00:00,USTECH043,84.34
2024-02-08T16:00:00,USTECH044,86.03
2024-02-08T16:00:00,USTECH045,87.09
2024-02-08T16:00:00,USTECH046,88.78
2024-02-08T16:00:00,USTECH047,90.47
2024-02-08T16:00:00,USTECH048,92.16
2024-02-08T16:00:00,USTECH049,91.96
2024-02-08T16:00:00,USTECH050,93.65
2024-02-08T16:00:00,USTECH051,95.34
2024-02-08T16:00:00,USTECH052,97.03
2024-02-08T16:00:00,USTECH053,98.72
2024-02-08T16:00:00,USTECH054,99.78
2024-02-08T16:00:00,USTECH055,101.47
2024-02-08T16:00:00,USTECH056,101.27
2024-02-08T16:00:00,USTECH057,102.96
2024-02-08T16:00:00,USTECH058,104.65
2024-02-08T16:00:00,USTECH059,106.34
2024-02-08T16:00:00,USTECH060,108.03
2024-02-08T16:00:00,USTECH061,109.72
2024-02-08T16:00:00,USTECH062,111.41
2024-02-08T16:00:00,USTECH063,110.58
2024-02-08T16:00:00,USTECH064,112.27
2024-02-08T16:00:00,USTECH065,113.96
2024-02-08T16:00:00,USTECH066,115.65
2024-02-08T16:00:00,USTECH067,117.34
2024-02-08T16:00:00,USTECH068,119.03
2024-02-08T16:00:00,USTECH069,120.72
2024-02-08T16:00:00,USTECH070,120.52
2024-02-08T16:00:00,USTECH071,122.21
2024-02-08T16:00:00,USTECH072,123.27
2024-02-08T16:00:00,USTECH073,124.96
2024-02-08T16:00:00,USTECH074,126.65
2024-02-08T16:00:00,USTECH075,128.34
2024-02-08T16:00:00,USTECH076,130.03
2024-02-08T16:00:00,USTECH077,129.83
2024-02-08T16:00:00,USTECH078,131.52
2024-02-08T16:00:00,USTECH079,133.21
2024-02-08T16:00:00,USTECH080,134.90
2024-02-08T16:00:00,USTECH081,135.96
2024-02-08T16:00:00,USTECH082,137.65
2024-02-08T16:00:00,USTECH083,139.34
2024-02-08T16:00:00,USTECH084,139.14
2024-02-08T16:00:00,USTECH085,140.83
2024-02-08T16:00:00,USTECH086,142.52
2024-02-08T16:00:00,USTECH087,144.21
2024-02-08T16:00:00,USTECH088,145.90
2024-02-08T16:00:00,USTECH089,147.59
2024-02-08T16:00:00,USTECH090,148.65
2024-02-08T16:00:00,USTECH091,148.45
2024-02-08T16:00:00,USTECH092,150.14
2024-02-08T16:00:00,USTECH093,151.83
2024-02-08T16:00:00,USTECH094,153.52
2024-02-08T16:00:00,USTECH095,155.21
2024-02-08T16:00:00,USTECH096,156.90
2024-02-08T16:00:00,USTECH097,158.59
2024-02-08T16:00:00,USTECH098,158.39
2024-02-08T16:00:00,USTECH099,159.45
2024-02-08T16:00:00,USTECH100,161.14
2024-02-09T16:00:00,USTECH001,27.33
2024-02-09T16:00:00,USTECH002,29.03
2024-02-09T16:00:00,USTECH003,30.73
2024-02-09T16:00:00,USTECH004,32.43
2024-02-09T16:00:00,USTECH005,34.13
2024-02-09T16:00:00,USTECH006,35.83
2024-02-09T16:00:00,USTECH007,35.57
2024-02-09T16:00:00,USTECH008,36.64
2024-02-09T16:00:00,USTECH009,38.34
2024-02-09T16:00:00,USTECH010,40.04
2024-02-09T16:00:00,USTECH011,41.74
2024-02-09T16:00:00,USTECH012,43.44
2024-02-09T16:00:00,USTECH013,45.14
2024-02-09T16:00:00,USTECH014,44.88
2024-02-09T16:00:00,USTECH015,46.58
2024-02-09T16:00:00,USTECH016,48.28
2024-02-09T16:00:00,USTECH017,49.35
2024-02-09T16:00:00,USTECH018,51.05
2024-02-09T16:00:00,USTECH019,52.75
2024-02-09T16:00:00,USTECH020,54.45
2024-02-09T16:00:00,USTECH021,54.19
2024-02-09T16:00:00,USTECH022,55.89
2024-02-09T16:00:00,USTECH023,57.59
2024-02-09T16:00:00,USTECH024,59.29
2024-02-09T16:00:00,USTECH025,60.99
2024-02-09T16:00:00,USTECH026,62.06
2024-02-09T16:00:00,USTECH027,63.76
2024-02-09T16:00:00,USTECH028,63.50
2024-02-09T16:00:00,USTECH029,65.20
2024-02-09T16:00:00,USTECH030,66.90
2024-02-09T16:00:00,USTECH031,68.60
2024-02-09T16:00:00,USTECH032,70.30
2024-02-09T16:00:00,USTECH033,72.00
2024-02-09T16:00:00,USTECH034,73.70
2024-02-09T16:00:00,USTECH035,72.81
2024-02-09T16:00:00,USTECH036,74.51
2024-02-09T16:00:00,USTECH037,76.21
2024-02-09T16:00:00,USTECH038,77.91
2024-02-09T16:00:00,USTECH039,79.61
2024-02-09T16:00:00,USTECH040,81.31
2024-02-09T16:00:00,USTECH041,83.01
2024-02-09T16:00:00,USTECH042,82.75
2024-02-09T16:00:00,USTECH043,84.45
2024-02-09T16:00:00,USTECH044,85.52
2024-02-09T16:00:00,USTECH045,87.22
2024-02-09T16:00:00,USTECH046,88.92
2024-02-09T16:00:00,USTECH047,90.62
2024-02-09T16:00:00,USTECH048,92.32
2024-02-09T16:00:00,USTECH049,92.06
2024-02-09T16:00:00,USTECH050,93.76
2024-02-09T16:00:00,USTECH051,95.46
2024-02-09T16:00:00,USTECH052,97.16
2024-02-09T16:00:00,USTECH053,98.23
2024-02-09T16:00:00,USTECH054,99.93
2024-02-09T16:00:00,USTECH055,101.63
2024-02-09T16:00:00,USTECH056,101.37
2024-02-09T16:00:00,USTECH057,103.07
2024-02-09T16:00:00,USTECH058,104.77
2024-02-09T16:00:00,USTECH059,106.47
2024-02-09T16:00:00,USTECH060,108.17
2024-02-09T16:00:00,USTECH061,109.87
2024-02-09T16:00:00,USTECH062,110.94
2024-02-09T16:00:00,USTECH063,110.68
2024-02-09T16:00:00,USTECH064,112.38
2024-02-09T16:00:00,USTECH065,114.08
2024-02-09T16:00:00,USTECH066,115.78
2024-02-09T16:00:00,USTECH067,117.48
2024-02-09T16:00:00,USTECH068,119.18
2024-02-09T16:00:00,USTECH069,120.88
2024-02-09T16:00:00,USTECH070,120.62
2024-02-09T16:00:00,USTECH071,121.69
2024-02-09T16:00:00,USTECH072,123.39
2024-02-09T16:00:00,USTECH073,125.09
2024-02-09T16:00:00,USTECH074,126.79
2024-02-09T16:00:00,USTECH075,128.49
2024-02-09T16:00:00,USTECH076,130.19
2024-02-09T16:00:00,USTECH077,129.93
2024-02-09T16:00:00,USTECH078,131.63
2024-02-09T16:00:00,USTECH079,133.33
2024-02-09T16:00:00,USTECH080,134.40
2024-02-09T16:00:00,USTECH081,136.10
2024-02-09T16:00:00,USTECH082,137.80
2024-02-09T16:00:00,USTECH083,139.50
2024-02-09T16:00:00,USTECH084,139.24
2024-02-09T16:00:00,USTECH085,140.94
2024-02-09T16:00:00,USTECH086,142.64
2024-02-09T16:00:00,USTECH087,144.34
2024-02-09T16:00:00,USTECH088,146.04
2024-02-09T16:00:00,USTECH089,147.11
2024-02-09T16:00:00,USTECH090,148.81
2024-02-09T16:00:00,USTECH091,148.55
2024-02-09T16:00:00,USTECH092,150.25
2024-02-09T16:00:00,USTECH093,151.95
2024-02-09T16:00:00,USTECH094,153.65
2024-02-09T16:00:00,USTECH095,155.35
2024-02-09T16:00:00,USTECH096,157.05
2024-02-09T16:00:00,USTECH097,158.75
2024-02-09T16:00:00,USTECH098,157.86
2024-02-09T16:00:00,USTECH099,159.56
2024-02-09T16:00:00,USTECH100,161.26
2024-02-12T16:00:00,USTECH001,27.44
2024-02-12T16:00:00,USTECH002,29.15
2024-02-12T16:00:00,USTECH003,30.86
2024-02-12T16:00:00,USTECH004,32.57
2024-02-12T16:00:00,USTECH005,34.28
2024-02-12T16:00:00,USTECH006,35.99
2024-02-12T16:00:00,USTECH007,35.04
2024-02-12T16:00:00,USTECH008,36.75
2024-02-12T16:00:00,USTECH009,38.46
2024-02-12T16:00:00,USTECH010,40.17
2024-02-12T16:00:00,USTECH011,41.88
2024-02-12T16:00:00,USTECH012,43.59
2024-02-12T16:00:00,USTECH013,45.30
2024-02-12T16:00:00,USTECH014,44.98
2024-02-12T16:00:00,USTECH015,46.69
2024-02-12T16:00:00,USTECH016,47.77
2024-02-12T16:00:00,USTECH017,49.48
2024-02-12T16:00:00,USTECH018,51.19
2024-02-12T16:00:00,USTECH019,52.90
2024-02-12T16:00:00,USTECH020,54.61
2024-02-12T16:00:00,USTECH021,54.29
2024-02-12T16:00:00,USTECH022,56.00
2024-02-12T16:00:00,USTECH023,57.71
2024-02-12T16:00:00,USTECH024,59.42
2024-02-12T16:00:00,USTECH025,60.50
2024-02-12T16:00:00,USTECH026,62.21
2024-02-12T16:00:00,USTECH027,63.92
2024-02-12T16:00:00,USTECH028,63.60
2024-02-12T16:00:00,USTECH029,65.31
2024-02-12T16:00:00,USTECH030,67.02
2024-02-12T16:00:00,USTECH031,68.73
2024-02-12T16:00:00,USTECH032,70.44
2024-02-12T16:00:00,USTECH033,72.15
2024-02-12T16:00:00,USTECH034,73.23
2024-02-12T16:00:00,USTECH035,72.91
2024-02-12T16:00:00,USTECH036,74.62
2024-02-12T16:00:00,USTECH037,76.33
2024-02-12T16:00:00,USTECH038,78.04
2024-02-12T16:00:00,USTECH039,79.75
2024-02-12T16:00:00,USTECH040,81.46
2024-02-12T16:00:00,USTECH041,83.17
2024-02-12T16:00:00,USTECH042,82.85
2024-02-12T16:00:00,USTECH043,83.93
2024-02-12T16:00:00,USTECH044,85.64
2024-02-12T16:00:00,USTECH045,87.35
2024-02-12T16:00:00,USTECH046,89.06
2024-02-12T16:00:00,USTECH047,90.77
2024-02-12T16:00:00,USTECH048,92.48
2024-02-12T16:00:00,USTECH049,92.16
2024-02-12T16:00:00,USTECH050,93.87
2024-02-12T16:00:00,USTECH051,95.58
2024-02-12T16:00:00,USTECH052,96.66
2024-02-12T16:00:00,USTECH053,98.37
2024-02-12T16:00:00,USTECH054,100.08
2024-02-12T16:00:00,USTECH055,101.79
2024-02-12T16:00:00,USTECH056,101.47
2024-02-12T16:00:00,USTECH057,103.18
2024-02-12T16:00:00,USTECH058,104.89
2024-02-12T16:00:00,USTECH059,106.60
2024-02-12T16:00:00,USTECH060,108.31
2024-02-12T16:00:00,USTECH061,109.39
2024-02-12T16:00:00,USTECH062,111.10
2024-02-12T16:00:00,USTECH063,110.78
2024-02-12T16:00:00,USTECH064,112.49
2024-02-12T16:00:00,USTECH065,114.20
2024-02-12T16:00:00,USTECH066,115.91
2024-02-12T16:00:00,USTECH067,117.62
2024-02-12T16:00:00,USTECH068,119.33
2024-02-12T16:00:00,USTECH069,121.04
2024-02-12T16:00:00,USTECH070,120.09
2024-02-12T16:00:00,USTECH071,121.80
2024-02-12T16:00:00,USTECH072,123.51
2024-02-12T16:00:00,USTECH073,125.22
2024-02-12T16:00:00,USTECH074,126.93
2024-02-12T16:00:00,USTECH075,128.64
2024-02-12T16:00:00,USTECH076,130.35
2024-02-12T16:00:00,USTECH077,130.03
2024-02-12T16:00:00,USTECH078,131.74
2024-02-12T16:00:00,USTECH079,132.82
2024-02-12T16:00:00,USTECH080,134.53
2024-02-12T16:00:00,USTECH081,136.24
2024-02-12T16:00:00,USTECH082,137.95
2024-02-12T16:00:00,USTECH083,139.66
2024-02-12T16:00:00,USTECH084,139.34
2024-02-12T16:00:00,USTECH085,141.05
2024-02-12T16:00:00,USTECH086,142.76
2024-02-12T16:00:00,USTECH087,144.47
2024-02-12T16:00:00,USTECH088,145.55
2024-02-12T16:00:00,USTECH089,147.26
2024-02-12T16:00:00,USTECH090,148.97
2024-02-12T16:00:00,USTECH091,148.65
2024-02-12T16:00:00,USTECH092,150.36
2024-02-12T16:00:00,USTECH093,152.07
2024-02-12T16:00:00,USTECH094,153.78
2024-02-12T16:00:00,USTECH095,155.49
2024-02-12T16:00:00,USTECH096,157.20
2024-02-12T16:00:00,USTECH097,158.28
2024-02-12T16:00:00,USTECH098,157.96
2024-02-12T16:00:00,USTECH099,159.67
2024-02-12T16:00:00,USTECH100,161.38
